id	simp	current_unit	target_unit	manifest_id	manifest_old	tag	match_mode
L7-0001	阿拉伯语	b79-m1-cause-effect	b7-culture-language	L7-0001	b79-m1-cause-effect		id+simp
L7-0002	哎	b79-m1-cause-effect	b7-social-interjections	L7-0002	b79-m1-cause-effect		id+simp
L7-0003	哎呀	b79-m1-cause-effect	b7-social-interjections	L7-0003	b79-m1-cause-effect		id+simp
L7-0004	哀求	b79-m1-cause-effect	b7-social-emotions	L7-0004	b79-m1-cause-effect	polite	id+simp
L7-0005	挨家挨户	b79-m1-cause-effect	b7-idioms-formal	L7-0005	b79-m1-cause-effect		id+simp
L7-0006	癌	b79-m1-cause-effect	b7-health-medical	L7-0006	b79-m1-cause-effect		id+simp
L7-0007	癌症	b79-m1-cause-effect	b7-health-medical	L7-0007	b79-m1-cause-effect		id+simp
L7-0008	艾滋病	b79-m1-cause-effect	b7-health-medical	L7-0008	b79-m1-cause-effect		id+simp
L7-0009	唉	b79-m1-cause-effect	b7-social-interjections	L7-0009	b79-m1-cause-effect		id+simp
L7-0010	爱不释手	b79-m1-cause-effect	b7-idioms-formal	L7-0010	b79-m1-cause-effect		id+simp
L7-0011	爱理不理	b79-m1-cause-effect	b7-idioms-behavior	L7-0011	b79-m1-cause-effect		id+simp
L7-0012	爱面子	b79-m1-cause-effect	b7-social-culture	L7-0012	b79-m1-cause-effect		id+simp
L7-0013	爱惜	b79-m1-cause-effect	b7-general-virtues	L7-0013	b79-m1-cause-effect		id+simp
L7-0014	碍事	b79-m1-cause-effect	b7-general-formal	L7-0014	b79-m1-cause-effect		id+simp
L7-0015	安定	b79-m1-cause-effect	b7-politics-society	L7-0015	b79-m1-cause-effect		id+simp
L7-0016	安抚	b79-m1-cause-effect	b7-social-emotions	L7-0016	b79-m1-cause-effect	polite	id+simp
L7-0017	安眠药	b79-m1-cause-effect	b7-health-medical	L7-0017	b79-m1-cause-effect		id+simp
L7-0018	安宁	b79-m1-cause-effect	b7-politics-society	L7-0018	b79-m1-cause-effect		id+simp
L7-0019	安稳	b79-m1-cause-effect	b7-general-formal	L7-0019	b79-m1-cause-effect		id+simp
L7-0020	安心	b79-m1-cause-effect	b7-social-emotions	L7-0020	b79-m1-cause-effect		id+simp
L7-0021	安逸	b79-m1-cause-effect	b7-general-formal	L7-0021	b79-m1-cause-effect		id+simp
L7-0022	按键	b79-m1-cause-effect	b7-tech-science	L7-0022	b79-m1-cause-effect		id+simp
L7-0023	按理说	b79-m1-cause-effect	b7-academic-logic	L7-0023	b79-m1-cause-effect		id+simp
L7-0024	按说	b79-m1-cause-effect	b7-academic-logic	L7-0024	b79-m1-cause-effect		id+simp
L7-0025	案件	b79-m1-cause-effect	b7-politics-legal	L7-0025	b79-m1-cause-effect		id+simp
L7-0026	暗地里	b79-m1-cause-effect	b7-general-formal	L7-0026	b79-m1-cause-effect		id+simp
L7-0027	暗杀	b79-m1-cause-effect	b7-politics-crime	L7-0027	b79-m1-cause-effect		id+simp
L7-0028	暗中	b79-m1-cause-effect	b7-general-formal	L7-0028	b79-m1-cause-effect		id+simp
L7-0029	昂贵	b79-m1-cause-effect	b7-finance-business	L7-0029	b79-m1-cause-effect		id+simp
L7-0030	凹	b79-m1-cause-effect	b7-tech-science	L7-0030	b79-m1-cause-effect		id+simp
L7-0031	熬	b79-m1-cause-effect	b7-general-formal	L7-0031	b79-m1-cause-effect		id+simp
L7-0032	熬夜	b79-m1-cause-effect	b7-health-lifestyle	L7-0032	b79-m1-cause-effect		id+simp
L7-0033	傲	b79-m1-cause-effect	b7-social-emotions	L7-0033	b79-m1-cause-effect		id+simp
L7-0034	傲慢	b79-m1-cause-effect	b7-social-emotions	L7-0034	b79-m1-cause-effect		id+simp
L7-0035	奥秘	b79-m1-cause-effect	b7-tech-science	L7-0035	b79-m1-cause-effect		id+simp
L7-0036	奥运会	b79-m1-cause-effect	b7-culture-sports	L7-0036	b79-m1-cause-effect		id+simp
L7-0037	八卦	b79-m1-cause-effect	b7-social-culture	L7-0037	b79-m1-cause-effect		id+simp
L7-0038	巴不得	b79-m1-cause-effect	b7-social-emotions	L7-0038	b79-m1-cause-effect		id+simp
L7-0039	扒	b79-m1-cause-effect	b7-general-formal	L7-0039	b79-m1-cause-effect		id+simp
L7-0040	芭蕾	b79-m1-cause-effect	b7-culture-arts	L7-0040	b79-m1-cause-effect		id+simp
L7-0041	把柄	b79-m1-cause-effect	b7-social-nuance	L7-0041	b79-m1-cause-effect		id+simp
L7-0042	把关	b79-m1-cause-effect	b7-finance-business	L7-0042	b79-m1-cause-effect		id+simp
L7-0043	把手	b79-m1-cause-effect	b7-general-formal	L7-0043	b79-m1-cause-effect		id+simp
L7-0044	靶子	b79-m1-cause-effect	b7-general-formal	L7-0044	b79-m1-cause-effect		id+simp
L7-0045	坝	b79-m1-cause-effect	b7-tech-infrastructure	L7-0045	b79-m1-cause-effect		id+simp
L7-0046	罢免	b79-m1-cause-effect	b7-politics-diplomacy	L7-0046	b79-m1-cause-effect	polite	id+simp
L7-0047	罢休	b79-m1-cause-effect	b7-social-emotions	L7-0047	b79-m1-cause-effect		id+simp
L7-0048	霸占	b79-m1-cause-effect	b7-politics-society	L7-0048	b79-m1-cause-effect		id+simp
L7-0049	掰	b79-m1-cause-effect	b7-general-formal	L7-0049	b79-m1-cause-effect		id+simp
L7-0050	白白	b79-m1-cause-effect	b7-general-formal	L7-0050	b79-m1-cause-effect		id+simp
L7-0051	百分比	b79-m1-cause-effect	b7-academic-logic	L7-0051	b79-m1-cause-effect		id+simp
L7-0052	百合	b79-m1-cause-effect	b7-nature-flora	L7-0052	b79-m1-cause-effect		id+simp
L7-0053	百科全书	b79-m1-cause-effect	b7-academic-logic	L7-0053	b79-m1-cause-effect		id+simp
L7-0054	柏树	b79-m1-cause-effect	b7-nature-flora	L7-0054	b79-m1-cause-effect		id+simp
L7-0055	摆放	b79-m1-cause-effect	b7-general-formal	L7-0055	b79-m1-cause-effect		id+simp
L7-0056	摆平	b79-m1-cause-effect	b7-social-nuance	L7-0056	b79-m1-cause-effect		id+simp
L7-0057	摆设	b79-m1-cause-effect	b7-general-formal	L7-0057	b79-m1-cause-effect		id+simp
L7-0058	拜会	b79-m1-cause-effect	b7-politics-diplomacy	L7-0058	b79-m1-cause-effect	polite	id+simp
L7-0059	拜见	b79-m1-cause-effect	b7-social-nuance	L7-0059	b79-m1-cause-effect	polite	id+simp
L7-0060	拜年	b79-m1-cause-effect	b7-culture-holidays	L7-0060	b79-m1-cause-effect		id+simp
L7-0061	拜托	b79-m1-cause-effect	b7-social-nuance	L7-0061	b79-m1-cause-effect	polite	id+simp
L7-0062	扳	b79-m1-cause-effect	b7-general-formal	L7-0062	b79-m1-cause-effect		id+simp
L7-0063	颁布	b79-m1-cause-effect	b7-politics-legal	L7-0063	b79-m1-cause-effect		id+simp
L7-0064	颁发	b79-m1-cause-effect	b7-politics-diplomacy	L7-0064	b79-m1-cause-effect	polite	id+simp
L7-0065	颁奖	b79-m1-cause-effect	b7-culture-social	L7-0065	b79-m1-cause-effect	polite	id+simp
L7-0066	斑点	b79-m1-cause-effect	b7-general-formal	L7-0066	b79-m1-cause-effect		id+simp
L7-0067	搬迁	b79-m1-cause-effect	b7-general-formal	L7-0067	b79-m1-cause-effect		id+simp
L7-0068	板块	b79-m1-cause-effect	b7-tech-science	L7-0068	b79-m1-cause-effect		id+simp
L7-0069	办不到	b79-m1-cause-effect	b7-general-formal	L7-0069	b79-m1-cause-effect		id+simp
L7-0070	半边天	b79-m1-cause-effect	b7-social-culture	L7-0070	b79-m1-cause-effect		id+simp
L7-0071	半场	b79-m1-cause-effect	b7-culture-sports	L7-0071	b79-m1-cause-effect		id+simp
L7-0072	半岛	b79-m1-cause-effect	b7-nature-geography	L7-0072	b79-m1-cause-effect		id+simp
L7-0073	半路	b79-m1-cause-effect	b7-general-formal	L7-0073	b79-m1-cause-effect		id+simp
L7-0074	半数	b79-m1-cause-effect	b7-academic-logic	L7-0074	b79-m1-cause-effect		id+simp
L7-0075	半途而废	b79-m1-cause-effect	b7-idioms-formal	L7-0075	b79-m1-cause-effect		id+simp
L7-0076	半信半疑	b79-m1-cause-effect	b7-idioms-formal	L7-0076	b79-m1-cause-effect		id+simp
L7-0077	半真半假	b79-m1-cause-effect	b7-idioms-formal	L7-0077	b79-m1-cause-effect		id+simp
L7-0078	扮	b79-m1-cause-effect	b7-culture-arts	L7-0078	b79-m1-cause-effect		id+simp
L7-0079	伴	b79-m1-cause-effect	b7-social-emotions	L7-0079	b79-m1-cause-effect		id+simp
L7-0080	伴侣	b79-m1-cause-effect	b7-social-emotions	L7-0080	b79-m1-cause-effect		id+simp
L7-0081	伴随	b79-m1-cause-effect	b7-general-formal	L7-0081	b79-m1-cause-effect		id+simp
L7-0082	伴奏	b79-m1-cause-effect	b7-culture-arts	L7-0082	b79-m1-cause-effect		id+simp
L7-0083	拌	b79-m1-cause-effect	b7-general-formal	L7-0083	b79-m1-cause-effect		id+simp
L7-0084	帮手	b79-m1-cause-effect	b7-social-work	L7-0084	b79-m1-cause-effect		id+simp
L7-0085	绑	b79-m1-cause-effect	b7-general-formal	L7-0085	b79-m1-cause-effect		id+simp
L7-0086	绑架	b79-m1-cause-effect	b7-politics-crime	L7-0086	b79-m1-cause-effect		id+simp
L7-0087	榜样	b79-m1-cause-effect	b7-social-virtues	L7-0087	b79-m1-cause-effect		id+simp
L7-0088	棒球	b79-m1-cause-effect	b7-culture-sports	L7-0088	b79-m1-cause-effect		id+simp
L7-0089	磅	b79-m1-cause-effect	b7-academic-logic	L7-0089	b79-m1-cause-effect		id+simp
L7-0090	包袱	b79-m1-cause-effect	b7-social-emotions	L7-0090	b79-m1-cause-effect		id+simp
L7-0091	包容	b79-m1-cause-effect	b7-social-virtues	L7-0091	b79-m1-cause-effect	polite	id+simp
L7-0092	包扎	b79-m1-cause-effect	b7-health-medical	L7-0092	b79-m1-cause-effect		id+simp
L7-0093	剥	b79-m1-cause-effect	b7-general-formal	L7-0093	b79-m1-cause-effect		id+simp
L7-0094	煲	b79-m1-cause-effect	b7-culture-food	L7-0094	b79-m1-cause-effect		id+simp
L7-0095	饱和	b79-m1-cause-effect	b7-finance-business	L7-0095	b79-m1-cause-effect		id+simp
L7-0096	饱满	b79-m1-cause-effect	b7-social-emotions	L7-0096	b79-m1-cause-effect		id+simp
L7-0097	宝库	b79-m1-cause-effect	b7-culture-heritage	L7-0097	b79-m1-cause-effect		id+simp
L7-0098	宝藏	b79-m1-cause-effect	b7-culture-heritage	L7-0098	b79-m1-cause-effect		id+simp
L7-0099	保管	b79-m1-cause-effect	b7-finance-business	L7-0099	b79-m1-cause-effect		id+simp
L7-0100	保姆	b79-m1-cause-effect	b7-social-work	L7-0100	b79-m1-cause-effect		id+simp
L7-0101	保暖	b79-m1-cause-effect	b7-health-lifestyle	L7-0101	b79-m1-cause-effect		id+simp
L7-0102	保鲜	b79-m1-cause-effect	b7-tech-science	L7-0102	b79-m1-cause-effect		id+simp
L7-0103	保修	b79-m1-cause-effect	b7-finance-business	L7-0103	b79-m1-cause-effect		id+simp
L7-0104	保佑	b79-m1-cause-effect	b7-social-culture	L7-0104	b79-m1-cause-effect	polite	id+simp
L7-0105	保障	b79-m1-cause-effect	b7-politics-diplomacy	L7-0105	b79-m1-cause-effect		id+simp
L7-0106	保质期	b79-m1-cause-effect	b7-finance-business	L7-0106	b79-m1-cause-effect		id+simp
L7-0107	保重	b79-m1-cause-effect	b7-social-nuance	L7-0107	b79-m1-cause-effect	polite	id+simp
L7-0108	堡垒	b79-m1-cause-effect	b7-politics-society	L7-0108	b79-m1-cause-effect		id+simp
L7-0109	报	b79-m1-cause-effect	b7-general-formal	L7-0109	b79-m1-cause-effect		id+simp
L7-0110	报仇	b79-m1-cause-effect	b7-social-nuance	L7-0110	b79-m1-cause-effect		id+simp
L7-0111	报酬	b79-m1-cause-effect	b7-finance-business	L7-0111	b79-m1-cause-effect		id+simp
L7-0112	报废	b79-m1-cause-effect	b7-finance-business	L7-0112	b79-m1-cause-effect		id+simp
L7-0113	报复	b79-m1-cause-effect	b7-social-nuance	L7-0113	b79-m1-cause-effect		id+simp
L7-0114	报社	b79-m1-cause-effect	b7-culture-media	L7-0114	b79-m1-cause-effect		id+simp
L7-0115	报亭	b79-m1-cause-effect	b7-culture-media	L7-0115	b79-m1-cause-effect		id+simp
L7-0116	报销	b79-m1-cause-effect	b7-finance-business	L7-0116	b79-m1-cause-effect		id+simp
L7-0117	抱负	b79-m1-cause-effect	b7-social-emotions	L7-0117	b79-m1-cause-effect		id+simp
L7-0118	豹	b79-m1-cause-effect	b7-nature-fauna	L7-0118	b79-m1-cause-effect		id+simp
L7-0119	暴风骤雨	b79-m1-cause-effect	b7-idioms-formal	L7-0119	b79-m1-cause-effect		id+simp
L7-0120	暴利	b79-m1-cause-effect	b7-finance-business	L7-0120	b79-m1-cause-effect		id+simp
L7-0121	暴躁	b79-m1-cause-effect	b7-social-emotions	L7-0121	b79-m1-cause-effect		id+simp
L7-0122	曝光	b79-m1-cause-effect	b7-culture-media	L7-0122	b79-m1-cause-effect		id+simp
L7-0123	爆冷门	b79-m1-cause-effect	b7-idioms-formal	L7-0123	b79-m1-cause-effect		id+simp
L7-0124	爆满	b79-m1-cause-effect	b7-culture-social	L7-0124	b79-m1-cause-effect		id+simp
L7-0125	爆竹	b79-m1-cause-effect	b7-culture-holidays	L7-0125	b79-m1-cause-effect		id+simp
L7-0126	卑鄙	b79-m1-cause-effect	b7-social-emotions	L7-0126	b79-m1-cause-effect		id+simp
L7-0127	悲哀	b79-m1-cause-effect	b7-social-emotions	L7-0127	b79-m1-cause-effect		id+simp
L7-0128	悲观	b79-m1-cause-effect	b7-social-emotions	L7-0128	b79-m1-cause-effect		id+simp
L7-0129	悲欢离合	b79-m1-cause-effect	b7-idioms-formal	L7-0129	b79-m1-cause-effect		id+simp
L7-0130	悲痛	b79-m1-cause-effect	b7-social-emotions	L7-0130	b79-m1-cause-effect		id+simp
L7-0131	碑	b79-m1-cause-effect	b7-culture-heritage	L7-0131	b79-m1-cause-effect		id+simp
L7-0132	贝壳	b79-m1-cause-effect	b7-nature-fauna	L7-0132	b79-m1-cause-effect		id+simp
L7-0133	备课	b79-m1-cause-effect	b7-academic-work	L7-0133	b79-m1-cause-effect		id+simp
L7-0134	备受	b79-m1-cause-effect	b7-general-formal	L7-0134	b79-m1-cause-effect		id+simp
L7-0135	备用	b79-m1-cause-effect	b7-general-formal	L7-0135	b79-m1-cause-effect		id+simp
L7-0136	背面	b79-m1-cause-effect	b7-general-formal	L7-0136	b79-m1-cause-effect		id+simp
L7-0137	背叛	b79-m1-cause-effect	b7-social-nuance	L7-0137	b79-m1-cause-effect		id+simp
L7-0138	背诵	b79-m1-cause-effect	b7-academic-work	L7-0138	b79-m1-cause-effect		id+simp
L7-0139	被捕	b79-m1-cause-effect	b7-politics-legal	L7-0139	b79-m1-cause-effect		id+simp
L7-0140	奔波	b79-m1-cause-effect	b7-social-work	L7-0140	b79-m1-cause-effect		id+simp
L7-0141	奔赴	b79-m1-cause-effect	b7-general-formal	L7-0141	b79-m1-cause-effect		id+simp
L7-0142	本分	b79-m1-cause-effect	b7-social-virtues	L7-0142	b79-m1-cause-effect		id+simp
L7-0143	本能	b79-m1-cause-effect	b7-tech-science	L7-0143	b79-m1-cause-effect		id+simp
L7-0144	本钱	b79-m1-cause-effect	b7-finance-business	L7-0144	b79-m1-cause-effect		id+simp
L7-0145	本色	b79-m1-cause-effect	b7-social-virtues	L7-0145	b79-m1-cause-effect		id+simp
L7-0146	本性	b79-m1-cause-effect	b7-social-virtues	L7-0146	b79-m1-cause-effect		id+simp
L7-0147	本意	b79-m1-cause-effect	b7-academic-logic	L7-0147	b79-m1-cause-effect		id+simp
L7-0148	本着	b79-m1-cause-effect	b7-academic-logic	L7-0148	b79-m1-cause-effect		id+simp
L7-0149	奔	b79-m1-cause-effect	b7-general-formal	L7-0149	b79-m1-cause-effect		id+simp
L7-0150	笨蛋	b79-m1-cause-effect	b7-social-nuance	L7-0150	b79-m1-cause-effect		id+simp
L7-0151	笨重	b79-m1-cause-effect					unmapped
L7-0152	崩溃	b79-m1-cause-effect	b7-social-emotions	L7-0155	b79-m1-cause-effect		simp
L7-0153	绷	b79-m1-cause-effect					unmapped
L7-0154	绷带	b79-m1-cause-effect					unmapped
L7-0155	蹦	b79-m1-cause-effect					unmapped
L7-0156	逼近	b79-m1-cause-effect					unmapped
L7-0157	逼迫	b79-m1-cause-effect	b7-social-nuance	L7-0157	b79-m1-cause-effect		id+simp
L7-0158	逼真	b79-m1-cause-effect					unmapped
L7-0159	鼻涕	b79-m1-cause-effect					unmapped
L7-0160	比比皆是	b79-m1-cause-effect					unmapped
L7-0161	比不上	b79-m1-cause-effect					unmapped
L7-0162	比起	b79-m1-cause-effect					unmapped
L7-0163	比试	b79-m1-cause-effect					unmapped
L7-0164	比喻	b79-m1-cause-effect					unmapped
L7-0165	鄙视	b79-m1-cause-effect					unmapped
L7-0166	必不可少	b79-m1-cause-effect					unmapped
L7-0167	必定	b79-m1-cause-effect					unmapped
L7-0168	碧绿	b79-m1-cause-effect					unmapped
L7-0169	弊病	b79-m1-cause-effect					unmapped
L7-0170	弊端	b79-m1-cause-effect					unmapped
L7-0171	壁画	b79-m1-cause-effect	b7-culture-arts	L7-0172	b79-m1-cause-effect		simp
L7-0172	避难	b79-m1-cause-effect					unmapped
L7-0173	避暑	b79-m1-cause-effect	b7-nature-lifestyle	L7-0170	b79-m1-cause-effect		simp
L7-0174	边疆	b79-m1-cause-effect					unmapped
L7-0175	边界	b79-m1-cause-effect					unmapped
L7-0176	边远	b79-m1-cause-effect					unmapped
L7-0177	编号	b79-m1-cause-effect	b7-general-formal	L7-0178	b79-m1-cause-effect		simp
L7-0178	编剧	b79-m1-cause-effect					unmapped
L7-0179	编排	b79-m1-cause-effect	b7-academic-work	L7-0180	b79-m1-cause-effect		simp
L7-0180	编写	b79-m1-cause-effect	b7-academic-work	L7-0181	b79-m1-cause-effect		simp
L7-0181	编造	b79-m1-cause-effect					unmapped
L7-0182	鞭策	b79-m1-cause-effect	b7-social-virtues	L7-0185	b79-m1-cause-effect		simp
L7-0183	鞭炮	b79-m1-cause-effect	b7-culture-holidays	L7-0186	b79-m1-cause-effect		simp
L7-0184	贬值	b79-m1-cause-effect	b7-finance-business	L7-0188	b79-m1-cause-effect		simp
L7-0185	变革	b79-m1-cause-effect					unmapped
L7-0186	变幻莫测	b79-m1-cause-effect					unmapped
L7-0187	变迁	b79-m1-cause-effect	b7-politics-society	L7-0196	b79-m1-cause-effect		simp
L7-0188	变异	b79-m1-cause-effect					unmapped
L7-0189	变质	b79-m1-cause-effect	b7-health-medical	L7-0198	b79-m1-cause-effect		simp
L7-0190	便道	b79-m1-cause-effect	b7-nature-infrastructure	L7-0190	b79-m1-cause-effect		id+simp
L7-0191	便饭	b79-m1-cause-effect					unmapped
L7-0192	便捷	b79-m1-cause-effect	b7-tech-science	L7-0192	b79-m1-cause-effect		id+simp
L7-0193	便利店	b79-m1-cause-effect					unmapped
L7-0194	遍布	b79-m1-cause-effect					unmapped
L7-0195	辨别	b79-m1-cause-effect					unmapped
L7-0196	辨认	b79-m1-cause-effect	b7-general-formal	L7-0201	b79-m1-cause-effect		simp
L7-0197	辩	b79-m1-cause-effect					unmapped
L7-0198	辩护	b79-m1-cause-effect	b7-politics-legal	L7-0204	b79-m1-cause-effect		simp
L7-0199	辩解	b79-m1-cause-effect	b7-social-nuance	L7-0199	b79-m1-cause-effect		id+simp
L7-0200	辫子	b79-m1-cause-effect					unmapped
L7-0201	标	b79-m1-cause-effect					unmapped
L7-0202	标榜	b79-m1-cause-effect					unmapped
L7-0203	标本	b79-m1-cause-effect	b7-tech-science	L7-0206	b79-m1-cause-effect		simp
L7-0204	标签	b79-m1-cause-effect	b7-finance-business	L7-0210	b79-m1-cause-effect		simp
L7-0205	标示	b79-m1-cause-effect					unmapped
L7-0206	标语	b79-m1-cause-effect					unmapped
L7-0207	标致	b79-m1-cause-effect					unmapped
L7-0208	飙升	b79-m1-cause-effect					unmapped
L7-0209	表白	b79-m1-cause-effect	b7-social-emotions	L7-0213	b79-m1-cause-effect		simp
L7-0210	表决	b79-m1-cause-effect	b7-politics-diplomacy	L7-0214	b79-m1-cause-effect		simp
L7-0211	表述	b79-m1-cause-effect					unmapped
L7-0212	表率	b79-m1-cause-effect					unmapped
L7-0213	表态	b79-m1-cause-effect	b7-social-nuance	L7-0215	b79-m1-cause-effect		simp
L7-0214	表彰	b79-m1-cause-effect	b7-politics-diplomacy	L7-0216	b79-m1-cause-effect	polite	simp
L7-0215	憋	b79-m1-cause-effect	b7-social-emotions	L7-0217	b79-m1-cause-effect		simp
L7-0216	别具匠心	b79-m1-cause-effect					unmapped
L7-0217	别看	b79-m1-cause-effect					unmapped
L7-0218	别墅	b79-m1-comparison-evaluation	b7-finance-business	L7-0218	b79-m1-comparison-evaluation		id+simp
L7-0219	别说	b79-m1-comparison-evaluation	b7-academic-logic	L7-0219	b79-m1-comparison-evaluation		id+simp
L7-0220	别提了	b79-m1-comparison-evaluation	b7-social-interjections	L7-0220	b79-m1-comparison-evaluation		id+simp
L7-0221	别致	b79-m1-comparison-evaluation	b7-culture-arts	L7-0221	b79-m1-comparison-evaluation		id+simp
L7-0222	别扭	b79-m1-comparison-evaluation	b7-social-emotions	L7-0222	b79-m1-comparison-evaluation		id+simp
L7-0223	彬彬有礼	b79-m1-comparison-evaluation					unmapped
L7-0224	滨海	b79-m1-comparison-evaluation					unmapped
L7-0225	缤纷	b79-m1-comparison-evaluation					unmapped
L7-0226	冰棍儿	b79-m1-comparison-evaluation					unmapped
L7-0227	冰山	b79-m1-comparison-evaluation	b7-nature-geography	L7-0225	b79-m1-comparison-evaluation		simp
L7-0228	丙	b79-m1-comparison-evaluation					unmapped
L7-0229	秉承	b79-m1-comparison-evaluation					unmapped
L7-0230	并非	b79-m1-comparison-evaluation	b7-academic-logic	L7-0230	b79-m1-comparison-evaluation		id+simp
L7-0231	并购	b79-m1-comparison-evaluation					unmapped
L7-0232	并列	b79-m1-comparison-evaluation	b7-academic-logic	L7-0231	b79-m1-comparison-evaluation		simp
L7-0233	并行	b79-m1-comparison-evaluation	b7-tech-science	L7-0233	b79-m1-comparison-evaluation		id+simp
L7-0234	病床	b79-m1-comparison-evaluation					unmapped
L7-0235	病症	b79-m1-comparison-evaluation					unmapped
L7-0236	拨	b79-m1-comparison-evaluation					unmapped
L7-0237	拨款	b79-m1-comparison-evaluation					unmapped
L7-0238	拨通	b79-m1-comparison-evaluation					unmapped
L7-0239	波及	b79-m1-comparison-evaluation					unmapped
L7-0240	波澜	b79-m1-comparison-evaluation					unmapped
L7-0241	波涛	b79-m1-comparison-evaluation					unmapped
L7-0242	波折	b79-m1-comparison-evaluation					unmapped
L7-0243	剥夺	b79-m1-comparison-evaluation					unmapped
L7-0244	剥削	b79-m1-comparison-evaluation					unmapped
L7-0245	伯伯	b79-m1-comparison-evaluation					unmapped
L7-0246	伯父	b79-m1-comparison-evaluation					unmapped
L7-0247	伯母	b79-m1-comparison-evaluation					unmapped
L7-0248	驳回	b79-m1-comparison-evaluation	b7-politics-legal	L7-0241	b79-m1-comparison-evaluation		simp
L7-0249	脖子	b79-m1-comparison-evaluation					unmapped
L7-0250	搏斗	b79-m1-comparison-evaluation					unmapped
L7-0251	不定	b79-m1-comparison-evaluation					unmapped
L7-0252	不见得	b79-m1-comparison-evaluation					unmapped
L7-0253	不利于	b79-m1-comparison-evaluation					unmapped
L7-0254	不慎	b79-m1-comparison-evaluation	b7-general-formal	L7-0265	b79-m1-comparison-evaluation		simp
L7-0255	不适	b79-m1-comparison-evaluation					unmapped
L7-0256	不算	b79-m1-comparison-evaluation					unmapped
L7-0257	不像话	b79-m1-comparison-evaluation					unmapped
L7-0258	不屑	b79-m1-comparison-evaluation					unmapped
L7-0259	不懈	b79-m1-comparison-evaluation					unmapped
L7-0260	不亚于	b79-m1-comparison-evaluation					unmapped
L7-0261	不亦乐乎	b79-m1-comparison-evaluation					unmapped
L7-0262	不翼而飞	b79-m1-comparison-evaluation					unmapped
L7-0263	不用说	b79-m1-comparison-evaluation					unmapped
L7-0264	不正之风	b79-m1-comparison-evaluation					unmapped
L7-0265	补给	b79-m1-comparison-evaluation					unmapped
L7-0266	补救	b79-m1-comparison-evaluation	b7-general-formal	L7-0247	b79-m1-comparison-evaluation		simp
L7-0267	捕捉	b79-m1-comparison-evaluation					unmapped
L7-0268	哺育	b79-m1-comparison-evaluation					unmapped
L7-0269	不耻下问	b79-m1-comparison-evaluation					unmapped
L7-0270	不辞而别	b79-m1-comparison-evaluation					unmapped
L7-0271	不得而知	b79-m1-comparison-evaluation					unmapped
L7-0272	不得已	b79-m1-comparison-evaluation					unmapped
L7-0273	不妨	b79-m1-comparison-evaluation	b7-social-nuance	L7-0252	b79-m1-comparison-evaluation	polite	simp
L7-0274	不服	b79-m1-comparison-evaluation					unmapped
L7-0275	不服气	b79-m1-comparison-evaluation					unmapped
L7-0276	不假思索	b79-m1-comparison-evaluation					unmapped
L7-0277	不解	b79-m1-comparison-evaluation					unmapped
L7-0278	不经意	b79-m1-comparison-evaluation					unmapped
L7-0279	不景气	b79-m1-comparison-evaluation					unmapped
L7-0280	不堪	b79-m1-comparison-evaluation	b7-general-formal	L7-0258	b79-m1-comparison-evaluation		simp
L7-0281	不可避免	b79-m1-comparison-evaluation					unmapped
L7-0282	不可思议	b79-m1-comparison-evaluation	b7-idioms-formal	L7-0261	b79-m1-comparison-evaluation		simp
L7-0283	不肯	b79-m1-comparison-evaluation					unmapped
L7-0284	不理	b79-m1-comparison-evaluation					unmapped
L7-0285	不了了之	b79-m1-comparison-evaluation					unmapped
L7-0286	不难	b79-m1-comparison-evaluation					unmapped
L7-0287	不平	b79-m1-comparison-evaluation					unmapped
L7-0288	不起眼	b79-m1-comparison-evaluation					unmapped
L7-0289	不容	b79-m1-comparison-evaluation					unmapped
L7-0290	不如说	b79-m1-comparison-evaluation					unmapped
L7-0291	不同寻常	b79-m1-comparison-evaluation					unmapped
L7-0292	不为人知	b79-m1-comparison-evaluation					unmapped
L7-0293	不惜	b79-m1-comparison-evaluation					unmapped
L7-0294	不相上下	b79-m1-comparison-evaluation					unmapped
L7-0295	不宜	b79-m1-comparison-evaluation					unmapped
L7-0296	不已	b79-m1-comparison-evaluation					unmapped
L7-0297	不以为然	b79-m1-comparison-evaluation					unmapped
L7-0298	不由得	b79-m1-comparison-evaluation	b7-social-emotions	L7-0267	b79-m1-comparison-evaluation		simp
L7-0299	不由自主	b79-m1-comparison-evaluation	b7-idioms-behavior	L7-0268	b79-m1-comparison-evaluation		simp
L7-0300	不予	b79-m1-comparison-evaluation					unmapped
L7-0301	不约而同	b79-m1-comparison-evaluation					unmapped
L7-0302	不知	b79-m1-comparison-evaluation					unmapped
L7-0303	不知不觉	b79-m1-comparison-evaluation					unmapped
L7-0304	不准	b79-m1-comparison-evaluation					unmapped
L7-0305	布局	b79-m1-comparison-evaluation	b7-tech-science	L7-0274	b79-m1-comparison-evaluation		simp
L7-0306	步伐	b79-m1-comparison-evaluation	b7-politics-society	L7-0276	b79-m1-comparison-evaluation		simp
L7-0307	步入	b79-m1-comparison-evaluation					unmapped
L7-0308	步骤	b79-m1-comparison-evaluation					unmapped
L7-0309	部件	b79-m1-comparison-evaluation					unmapped
L7-0310	部署	b79-m1-comparison-evaluation	b7-politics-military	L7-0277	b79-m1-comparison-evaluation		simp
L7-0311	猜谜	b79-m1-comparison-evaluation					unmapped
L7-0312	猜想	b79-m1-comparison-evaluation	b7-academic-logic	L7-0279	b79-m1-comparison-evaluation		simp
L7-0313	才华	b79-m1-comparison-evaluation					unmapped
L7-0314	财经	b79-m1-comparison-evaluation					unmapped
L7-0315	财力	b79-m1-comparison-evaluation					unmapped
L7-0316	财务	b79-m1-comparison-evaluation	b7-finance-business	L7-0282	b79-m1-comparison-evaluation		simp
L7-0317	财物	b79-m1-comparison-evaluation					unmapped
L7-0318	财政	b79-m1-comparison-evaluation	b7-politics-finance	L7-0283	b79-m1-comparison-evaluation		simp
L7-0319	裁	b79-m1-comparison-evaluation					unmapped
L7-0320	裁定	b79-m1-comparison-evaluation					unmapped
L7-0321	裁决	b79-m1-comparison-evaluation					unmapped
L7-0322	采	b79-m1-comparison-evaluation					unmapped
L7-0323	采集	b79-m1-comparison-evaluation	b7-tech-science	L7-0286	b79-m1-comparison-evaluation		simp
L7-0324	采矿	b79-m1-comparison-evaluation					unmapped
L7-0325	彩电	b79-m1-comparison-evaluation					unmapped
L7-0326	彩虹	b79-m1-comparison-evaluation					unmapped
L7-0327	彩霞	b79-m1-comparison-evaluation					unmapped
L7-0328	菜市场	b79-m1-comparison-evaluation					unmapped
L7-0329	参见	b79-m1-comparison-evaluation					unmapped
L7-0330	参军	b79-m1-comparison-evaluation					unmapped
L7-0331	参谋	b79-m1-comparison-evaluation	b7-politics-military	L7-0289	b79-m1-comparison-evaluation		simp
L7-0332	参照	b79-m1-comparison-evaluation	b7-academic-logic	L7-0291	b79-m1-comparison-evaluation		simp
L7-0333	餐桌	b79-m1-comparison-evaluation					unmapped
L7-0334	残	b79-m1-comparison-evaluation					unmapped
L7-0335	残留	b79-m1-comparison-evaluation	b7-tech-science	L7-0293	b79-m1-comparison-evaluation		simp
L7-0336	残缺	b79-m1-comparison-evaluation	b7-general-formal	L7-0294	b79-m1-comparison-evaluation		simp
L7-0337	残忍	b79-m1-comparison-evaluation					unmapped
L7-0338	惭愧	b79-m1-comparison-evaluation	b7-social-emotions	L7-0295	b79-m1-comparison-evaluation		simp
L7-0339	惨白	b79-m1-comparison-evaluation					unmapped
L7-0340	惨痛	b79-m1-comparison-evaluation					unmapped
L7-0341	惨重	b79-m1-comparison-evaluation	b7-general-formal	L7-0296	b79-m1-comparison-evaluation		simp
L7-0342	灿烂	b79-m1-comparison-evaluation	b7-nature-geography	L7-0297	b79-m1-comparison-evaluation		simp
L7-0343	苍蝇	b79-m1-comparison-evaluation					unmapped
L7-0344	沧桑	b79-m1-comparison-evaluation					unmapped
L7-0345	舱	b79-m1-comparison-evaluation	b7-tech-transport	L7-0300	b79-m1-comparison-evaluation		simp
L7-0346	藏匿	b79-m1-comparison-evaluation					unmapped
L7-0347	藏品	b79-m1-comparison-evaluation					unmapped
L7-0348	藏身	b79-m1-comparison-evaluation					unmapped
L7-0349	操控	b79-m1-comparison-evaluation					unmapped
L7-0350	操劳	b79-m1-comparison-evaluation	b7-social-work	L7-0301	b79-m1-comparison-evaluation		simp
L7-0351	操心	b79-m1-comparison-evaluation					unmapped
L7-0352	槽	b79-m1-comparison-evaluation					unmapped
L7-0353	草案	b79-m1-comparison-evaluation	b7-politics-legal	L7-0305	b79-m1-comparison-evaluation		simp
L7-0354	草坪	b79-m1-comparison-evaluation					unmapped
L7-0355	侧面	b79-m1-comparison-evaluation	b7-general-formal	L7-0310	b79-m1-comparison-evaluation		simp
L7-0356	侧重	b79-m1-comparison-evaluation					unmapped
L7-0357	测算	b79-m1-comparison-evaluation					unmapped
L7-0358	测验	b79-m1-comparison-evaluation					unmapped
L7-0359	层出不穷	b79-m1-comparison-evaluation	b7-idioms-formal	L7-0311	b79-m1-comparison-evaluation		simp
L7-0360	蹭	b79-m1-comparison-evaluation					unmapped
L7-0361	差错	b79-m1-comparison-evaluation	b7-general-formal	L7-0323	b79-m1-comparison-evaluation		simp
L7-0362	差额	b79-m1-comparison-evaluation					unmapped
L7-0363	插手	b79-m1-comparison-evaluation					unmapped
L7-0364	插图	b79-m1-comparison-evaluation					unmapped
L7-0365	插嘴	b79-m1-comparison-evaluation					unmapped
L7-0366	茶道	b79-m1-comparison-evaluation					unmapped
L7-0367	茶馆儿	b79-m1-comparison-evaluation					unmapped
L7-0368	查处	b79-m1-comparison-evaluation					unmapped
L7-0369	查明	b79-m1-comparison-evaluation					unmapped
L7-0370	查找	b79-m1-comparison-evaluation					unmapped
L7-0371	察觉	b79-m1-comparison-evaluation	b7-social-emotions	L7-0320	b79-m1-comparison-evaluation		simp
L7-0372	察看	b79-m1-comparison-evaluation					unmapped
L7-0373	诧异	b79-m1-comparison-evaluation					unmapped
L7-0374	掺	b79-m1-comparison-evaluation					unmapped
L7-0375	搀	b79-m1-comparison-evaluation	b7-social-nuance	L7-0325	b79-m1-comparison-evaluation	polite	simp
L7-0376	馋	b79-m1-comparison-evaluation	b7-social-emotions	L7-0326	b79-m1-comparison-evaluation		simp
L7-0377	禅杖	b79-m1-comparison-evaluation					unmapped
L7-0378	缠	b79-m1-comparison-evaluation					unmapped
L7-0379	产	b79-m1-comparison-evaluation					unmapped
L7-0380	产地	b79-m1-comparison-evaluation					unmapped
L7-0381	产物	b79-m1-comparison-evaluation	b7-academic-logic	L7-0329	b79-m1-comparison-evaluation		simp
L7-0382	产值	b79-m1-comparison-evaluation					unmapped
L7-0383	铲	b79-m1-comparison-evaluation					unmapped
L7-0384	铲子	b79-m1-comparison-evaluation					unmapped
L7-0385	阐述	b79-m1-comparison-evaluation	b7-academic-logic	L7-0328	b79-m1-comparison-evaluation	polite	simp
L7-0386	颤抖	b79-m1-comparison-evaluation	b7-social-emotions	L7-0331	b79-m1-comparison-evaluation		simp
L7-0387	猖狂	b79-m1-comparison-evaluation					unmapped
L7-0388	长达	b79-m1-comparison-evaluation					unmapped
L7-0389	长期以来	b79-m1-comparison-evaluation					unmapped
L7-0390	长效	b79-m1-comparison-evaluation					unmapped
L7-0391	长征	b79-m1-comparison-evaluation					unmapped
L7-0392	长足	b79-m1-comparison-evaluation					unmapped
L7-0393	常理	b79-m1-comparison-evaluation					unmapped
L7-0394	常人	b79-m1-comparison-evaluation					unmapped
L7-0395	常态	b79-m1-comparison-evaluation	b7-academic-logic	L7-0339	b79-m1-comparison-evaluation		simp
L7-0396	常温	b79-m1-comparison-evaluation					unmapped
L7-0397	偿还	b79-m1-comparison-evaluation	b7-finance-business	L7-0334	b79-m1-comparison-evaluation		simp
L7-0398	嫦娥	b79-m1-comparison-evaluation					unmapped
L7-0399	厂家	b79-m1-comparison-evaluation					unmapped
L7-0400	敞开	b79-m1-comparison-evaluation					unmapped
L7-0401	畅谈	b79-m1-comparison-evaluation					unmapped
L7-0402	畅销	b79-m1-comparison-evaluation	b7-finance-business	L7-0344	b79-m1-comparison-evaluation		simp
L7-0403	倡议	b79-m1-comparison-evaluation	b7-social-nuance	L7-0346	b79-m1-comparison-evaluation	polite	simp
L7-0404	抄袭	b79-m1-comparison-evaluation					unmapped
L7-0405	钞票	b79-m1-comparison-evaluation					unmapped
L7-0406	超标	b79-m1-comparison-evaluation	b7-tech-science	L7-0348	b79-m1-comparison-evaluation		simp
L7-0407	超车	b79-m1-comparison-evaluation					unmapped
L7-0408	超前	b79-m1-comparison-evaluation	b7-tech-science	L7-0351	b79-m1-comparison-evaluation		simp
L7-0409	超速	b79-m1-comparison-evaluation	b7-tech-transport	L7-0353	b79-m1-comparison-evaluation		simp
L7-0410	朝代	b79-m1-comparison-evaluation	b7-culture-heritage	L7-0356	b79-m1-comparison-evaluation		simp
L7-0411	朝着	b79-m1-comparison-evaluation					unmapped
L7-0412	嘲弄	b79-m1-comparison-evaluation					unmapped
L7-0413	嘲笑	b79-m1-comparison-evaluation	b7-social-nuance	L7-0358	b79-m1-comparison-evaluation		simp
L7-0414	吵嘴	b79-m1-comparison-evaluation					unmapped
L7-0415	车道	b79-m1-comparison-evaluation	b7-tech-transport	L7-0365	b79-m1-comparison-evaluation		simp
L7-0416	车祸	b79-m1-comparison-evaluation					unmapped
L7-0417	车间	b79-m1-comparison-evaluation					unmapped
L7-0418	车轮	b79-m1-comparison-evaluation					unmapped
L7-0419	车速	b79-m1-comparison-evaluation					unmapped
L7-0420	车位	b79-m1-comparison-evaluation					unmapped
L7-0421	车厢	b79-m1-comparison-evaluation	b7-tech-transport	L7-0369	b79-m1-comparison-evaluation		simp
L7-0422	车型	b79-m1-comparison-evaluation					unmapped
L7-0423	车轴	b79-m1-comparison-evaluation					unmapped
L7-0424	扯	b79-m1-comparison-evaluation					unmapped
L7-0425	彻夜	b79-m1-comparison-evaluation					unmapped
L7-0426	撤	b79-m1-comparison-evaluation	b7-politics-military	L7-0360	b79-m1-comparison-evaluation		simp
L7-0427	撤换	b79-m1-comparison-evaluation					unmapped
L7-0428	沉甸甸	b79-m1-comparison-evaluation					unmapped
L7-0429	沉淀	b79-m1-comparison-evaluation	b7-tech-science	L7-0373	b79-m1-comparison-evaluation		simp
L7-0430	沉浸	b79-m1-comparison-evaluation	b7-social-emotions	L7-0374	b79-m1-comparison-evaluation		simp
L7-0431	沉闷	b79-m1-comparison-evaluation	b7-social-emotions	L7-0375	b79-m1-comparison-evaluation		simp
L7-0432	沉迷	b79-m1-comparison-evaluation					unmapped
L7-0433	沉思	b79-m1-comparison-evaluation	b7-academic-logic	L7-0377	b79-m1-comparison-evaluation		simp
L7-0434	沉稳	b79-m1-comparison-evaluation					unmapped
L7-0435	沉着	b79-m1-hypothesis-speculation					unmapped
L7-0436	陈旧	b79-m1-hypothesis-speculation					unmapped
L7-0437	陈列	b79-m1-hypothesis-speculation	b7-culture-heritage	L7-0379	b79-m1-comparison-evaluation		simp
L7-0438	陈述	b79-m1-hypothesis-speculation	b7-academic-logic	L7-0380	b79-m1-comparison-evaluation	polite	simp
L7-0439	衬托	b79-m1-hypothesis-speculation					unmapped
L7-0440	趁	b79-m1-hypothesis-speculation					unmapped
L7-0441	趁机	b79-m1-hypothesis-speculation					unmapped
L7-0442	趁早	b79-m1-hypothesis-speculation					unmapped
L7-0443	趁着	b79-m1-hypothesis-speculation					unmapped
L7-0444	称呼	b79-m1-hypothesis-speculation					unmapped
L7-0445	称作	b79-m1-hypothesis-speculation					unmapped
L7-0446	成才	b79-m1-hypothesis-speculation					unmapped
L7-0447	成家	b79-m1-hypothesis-speculation					unmapped
L7-0448	成年	b79-m1-hypothesis-speculation					unmapped
L7-0449	成年	b79-m1-hypothesis-speculation					unmapped
L7-0450	成千上万	b79-m1-hypothesis-speculation					unmapped
L7-0451	成群结队	b79-m1-hypothesis-speculation					unmapped
L7-0452	成天	b79-m1-hypothesis-speculation					unmapped
L7-0453	成问题	b79-m1-hypothesis-speculation					unmapped
L7-0454	成型	b79-m1-hypothesis-speculation					unmapped
L7-0455	呈现	b79-m1-hypothesis-speculation	b7-academic-logic	L7-0389	b79-m1-comparison-evaluation		simp
L7-0456	诚恳	b79-m1-hypothesis-speculation					unmapped
L7-0457	诚心诚意	b79-m1-hypothesis-speculation					unmapped
L7-0458	诚意	b79-m1-hypothesis-speculation					unmapped
L7-0459	诚挚	b79-m1-hypothesis-speculation					unmapped
L7-0460	承包	b79-m1-hypothesis-speculation					unmapped
L7-0461	承载	b79-m1-hypothesis-speculation					unmapped
L7-0462	城墙	b79-m1-hypothesis-speculation					unmapped
L7-0463	乘人之危	b79-m1-hypothesis-speculation					unmapped
L7-0464	盛	b79-m1-hypothesis-speculation					unmapped
L7-0465	惩处	b79-m1-hypothesis-speculation					unmapped
L7-0466	惩罚	b79-m1-hypothesis-speculation	b7-politics-legal	L7-0393	b79-m1-comparison-evaluation		simp
L7-0467	澄清	b79-m1-hypothesis-speculation	b7-academic-logic	L7-0394	b79-m1-comparison-evaluation		simp
L7-0468	橙汁	b79-m1-hypothesis-speculation					unmapped
L7-0469	逞能	b79-m1-hypothesis-speculation					unmapped
L7-0470	逞强	b79-m1-hypothesis-speculation					unmapped
L7-0471	秤	b79-m1-hypothesis-speculation	b7-finance-business	L7-0396	b79-m1-comparison-evaluation		simp
L7-0472	吃不上	b79-m1-hypothesis-speculation					unmapped
L7-0473	吃喝玩乐	b79-m1-hypothesis-speculation					unmapped
L7-0474	吃苦	b79-m1-hypothesis-speculation					unmapped
L7-0475	吃亏	b79-m1-hypothesis-speculation	b7-social-nuance	L7-0398	b79-m1-comparison-evaluation		simp
L7-0476	痴呆	b79-m1-hypothesis-speculation					unmapped
L7-0477	痴迷	b79-m1-hypothesis-speculation					unmapped
L7-0478	痴心	b79-m1-hypothesis-speculation					unmapped
L7-0479	池塘	b79-m1-hypothesis-speculation	b7-nature-geography	L7-0402	b79-m1-comparison-evaluation		simp
L7-0480	驰名	b79-m1-hypothesis-speculation					unmapped
L7-0481	迟迟	b79-m1-hypothesis-speculation					unmapped
L7-0482	迟疑	b79-m1-hypothesis-speculation	b7-social-emotions	L7-0399	b79-m1-comparison-evaluation		simp
L7-0483	迟早	b79-m1-hypothesis-speculation					unmapped
L7-0484	持	b79-m1-hypothesis-speculation					unmapped
L7-0485	持久	b79-m1-hypothesis-speculation	b7-general-formal	L7-0400	b79-m1-comparison-evaluation		simp
L7-0486	持之以恒	b79-m1-hypothesis-speculation					unmapped
L7-0487	尺度	b79-m1-hypothesis-speculation					unmapped
L7-0488	耻辱	b79-m1-hypothesis-speculation					unmapped
L7-0489	耻笑	b79-m1-hypothesis-speculation					unmapped
L7-0490	赤字	b79-m1-hypothesis-speculation	b7-politics-finance	L7-0404	b79-m1-comparison-evaluation		simp
L7-0491	翅膀	b79-m1-hypothesis-speculation					unmapped
L7-0492	冲刺	b79-m1-hypothesis-speculation					unmapped
L7-0493	冲浪	b79-m1-hypothesis-speculation					unmapped
L7-0494	冲洗	b79-m1-hypothesis-speculation					unmapped
L7-0495	冲撞	b79-m1-hypothesis-speculation					unmapped
L7-0496	充	b79-m1-hypothesis-speculation					unmapped
L7-0497	充当	b79-m1-hypothesis-speculation	b7-social-nuance	L7-0410	b79-m1-comparison-evaluation		simp
L7-0498	充沛	b79-m1-hypothesis-speculation	b7-general-formal	L7-0414	b79-m1-comparison-evaluation		simp
L7-0499	充实	b79-m1-hypothesis-speculation	b7-social-emotions	L7-0415	b79-m1-comparison-evaluation		simp
L7-0500	重播	b79-m1-hypothesis-speculation					unmapped
L7-0501	重叠	b79-m1-hypothesis-speculation	b7-tech-science	L7-0416	b79-m1-comparison-evaluation		simp
L7-0502	重返	b79-m1-hypothesis-speculation	b7-general-formal	L7-0417	b79-m1-comparison-evaluation		simp
L7-0503	重合	b79-m1-hypothesis-speculation					unmapped
L7-0504	重申	b79-m1-hypothesis-speculation	b7-politics-diplomacy	L7-0419	b79-m1-comparison-evaluation	polite	simp
L7-0505	重现	b79-m1-hypothesis-speculation					unmapped
L7-0506	崇高	b79-m1-hypothesis-speculation	b7-social-virtues	L7-0406	b79-m1-comparison-evaluation	polite	simp
L7-0507	崇尚	b79-m1-hypothesis-speculation					unmapped
L7-0508	宠	b79-m1-hypothesis-speculation					unmapped
L7-0509	宠爱	b79-m1-hypothesis-speculation					unmapped
L7-0510	抽签	b79-m1-hypothesis-speculation					unmapped
L7-0511	抽屉	b79-m1-hypothesis-speculation					unmapped
L7-0512	抽象	b79-m1-hypothesis-speculation					unmapped
L7-0513	仇	b79-m1-hypothesis-speculation					unmapped
L7-0514	仇恨	b79-m1-hypothesis-speculation					unmapped
L7-0515	仇人	b79-m1-hypothesis-speculation					unmapped
L7-0516	稠	b79-m1-hypothesis-speculation					unmapped
L7-0517	稠密	b79-m1-hypothesis-speculation					unmapped
L7-0518	愁眉苦脸	b79-m1-hypothesis-speculation					unmapped
L7-0519	筹	b79-m1-hypothesis-speculation					unmapped
L7-0520	筹办	b79-m1-hypothesis-speculation					unmapped
L7-0521	筹备	b79-m1-hypothesis-speculation	b7-finance-business	L7-0427	b79-m1-comparison-evaluation	polite	simp
L7-0522	筹措	b79-m1-hypothesis-speculation					unmapped
L7-0523	筹划	b79-m1-hypothesis-speculation					unmapped
L7-0524	筹集	b79-m1-hypothesis-speculation					unmapped
L7-0525	筹码	b79-m1-hypothesis-speculation					unmapped
L7-0526	丑恶	b79-m1-hypothesis-speculation	b7-social-nuance	L7-0431	b79-m1-comparison-evaluation		simp
L7-0527	丑陋	b79-m1-hypothesis-speculation					unmapped
L7-0528	丑闻	b79-m1-hypothesis-speculation					unmapped
L7-0529	瞅	b79-m1-hypothesis-speculation					unmapped
L7-0530	出版社	b79-m1-hypothesis-speculation					unmapped
L7-0531	出厂	b79-m1-hypothesis-speculation					unmapped
L7-0532	出丑	b79-m1-hypothesis-speculation					unmapped
L7-0533	出道	b79-m1-hypothesis-speculation					unmapped
L7-0534	出发点	b79-m1-hypothesis-speculation					unmapped
L7-0535	出风头	b79-m1-hypothesis-speculation					unmapped
L7-0536	出境	b79-m1-hypothesis-speculation					unmapped
L7-0537	出局	b79-m1-hypothesis-speculation					unmapped
L7-0538	出具	b79-m1-hypothesis-speculation					unmapped
L7-0539	出口成章	b79-m1-hypothesis-speculation					unmapped
L7-0540	出卖	b79-m1-hypothesis-speculation	b7-social-nuance	L7-0433	b79-m1-comparison-evaluation		simp
L7-0541	出毛病	b79-m1-hypothesis-speculation					unmapped
L7-0542	出难题	b79-m1-hypothesis-speculation					unmapped
L7-0543	出人意料	b79-m1-hypothesis-speculation					unmapped
L7-0544	出任	b79-m1-hypothesis-speculation					unmapped
L7-0545	出山	b79-m1-hypothesis-speculation					unmapped
L7-0546	出身	b79-m1-hypothesis-speculation	b7-social-culture	L7-0435	b79-m1-comparison-evaluation		simp
L7-0547	出示	b79-m1-hypothesis-speculation					unmapped
L7-0548	出手	b79-m1-hypothesis-speculation	b7-social-nuance	L7-0438	b79-m1-comparison-evaluation		simp
L7-0549	出头	b79-m1-hypothesis-speculation					unmapped
L7-0550	出土	b79-m1-hypothesis-speculation					unmapped
L7-0551	出息	b79-m1-hypothesis-speculation	b7-social-virtues	L7-0439	b79-m1-comparison-evaluation		simp
L7-0552	出血	b79-m1-hypothesis-speculation					unmapped
L7-0553	出演	b79-m1-hypothesis-speculation					unmapped
L7-0554	出洋相	b79-m1-hypothesis-speculation	b7-social-nuance	L7-0440	b79-m1-comparison-evaluation		simp
L7-0555	出游	b79-m1-hypothesis-speculation					unmapped
L7-0556	出众	b79-m1-hypothesis-speculation					unmapped
L7-0557	出主意	b79-m1-hypothesis-speculation					unmapped
L7-0558	出资	b79-m1-hypothesis-speculation					unmapped
L7-0559	出自	b79-m1-hypothesis-speculation	b7-academic-logic	L7-0441	b79-m1-comparison-evaluation		simp
L7-0560	出走	b79-m1-hypothesis-speculation					unmapped
L7-0561	初次	b79-m1-hypothesis-speculation					unmapped
L7-0562	初衷	b79-m1-hypothesis-speculation					unmapped
L7-0563	除此之外	b79-m1-hypothesis-speculation					unmapped
L7-0564	除去	b79-m1-hypothesis-speculation					unmapped
L7-0565	除外	b79-m1-hypothesis-speculation					unmapped
L7-0566	处方	b79-m1-hypothesis-speculation					unmapped
L7-0567	处境	b79-m1-hypothesis-speculation	b7-social-nuance	L7-0450	b79-m1-comparison-evaluation		simp
L7-0568	处置	b79-m1-hypothesis-speculation					unmapped
L7-0569	储备	b79-m1-hypothesis-speculation	b7-politics-finance	L7-0446	b79-m1-comparison-evaluation		simp
L7-0570	储蓄	b79-m1-hypothesis-speculation	b7-finance-business	L7-0448	b79-m1-comparison-evaluation		simp
L7-0571	触动	b79-m1-hypothesis-speculation					unmapped
L7-0572	触犯	b79-m1-hypothesis-speculation					unmapped
L7-0573	触觉	b79-m1-hypothesis-speculation					unmapped
L7-0574	触摸	b79-m1-hypothesis-speculation					unmapped
L7-0575	触目惊心	b79-m1-hypothesis-speculation					unmapped
L7-0576	揣	b79-m1-hypothesis-speculation					unmapped
L7-0577	揣测	b79-m1-hypothesis-speculation					unmapped
L7-0578	揣摩	b79-m1-hypothesis-speculation					unmapped
L7-0579	踹	b79-m1-hypothesis-speculation					unmapped
L7-0580	川流不息	b79-m1-hypothesis-speculation					unmapped
L7-0581	穿过	b79-m1-hypothesis-speculation					unmapped
L7-0582	穿小鞋	b79-m1-hypothesis-speculation					unmapped
L7-0583	穿越	b79-m1-hypothesis-speculation					unmapped
L7-0584	穿着	b79-m1-hypothesis-speculation					unmapped
L7-0585	传承	b79-m1-hypothesis-speculation					unmapped
L7-0586	传奇	b79-m1-hypothesis-speculation					unmapped
L7-0587	传染	b79-m1-hypothesis-speculation					unmapped
L7-0588	传染病	b79-m1-hypothesis-speculation					unmapped
L7-0589	传人	b79-m1-hypothesis-speculation					unmapped
L7-0590	传授	b79-m1-hypothesis-speculation	b7-academic-work	L7-0456	b79-m1-comparison-evaluation	polite	simp
L7-0591	传闻	b79-m1-hypothesis-speculation					unmapped
L7-0592	船舶	b79-m1-hypothesis-speculation					unmapped
L7-0593	船桨	b79-m1-hypothesis-speculation					unmapped
L7-0594	喘	b79-m1-hypothesis-speculation					unmapped
L7-0595	喘息	b79-m1-hypothesis-speculation					unmapped
L7-0596	串门	b79-m1-hypothesis-speculation					unmapped
L7-0597	创伤	b79-m1-hypothesis-speculation					unmapped
L7-0598	床位	b79-m1-hypothesis-speculation					unmapped
L7-0599	创	b79-m1-hypothesis-speculation					unmapped
L7-0600	创始人	b79-m1-hypothesis-speculation					unmapped
L7-0601	吹了	b79-m1-hypothesis-speculation					unmapped
L7-0602	吹牛	b79-m1-hypothesis-speculation	b7-social-nuance	L7-0468	b79-m1-comparison-evaluation		simp
L7-0603	吹捧	b79-m1-hypothesis-speculation	b7-social-nuance	L7-0469	b79-m1-comparison-evaluation		simp
L7-0604	垂	b79-m1-hypothesis-speculation					unmapped
L7-0605	垂头丧气	b79-m1-hypothesis-speculation					unmapped
L7-0606	捶	b79-m1-hypothesis-speculation					unmapped
L7-0607	锤子	b79-m1-hypothesis-speculation					unmapped
L7-0608	纯粹	b79-m1-hypothesis-speculation	b7-academic-logic	L7-0473	b79-m1-comparison-evaluation		simp
L7-0609	纯洁	b79-m1-hypothesis-speculation	b7-social-virtues	L7-0472	b79-m1-comparison-evaluation		simp
L7-0610	纯朴	b79-m1-hypothesis-speculation					unmapped
L7-0611	醇厚	b79-m1-hypothesis-speculation					unmapped
L7-0612	蠢	b79-m1-hypothesis-speculation					unmapped
L7-0613	戳	b79-m1-hypothesis-speculation					unmapped
L7-0614	绰号	b79-m1-hypothesis-speculation					unmapped
L7-0615	瓷	b79-m1-hypothesis-speculation					unmapped
L7-0616	瓷器	b79-m1-hypothesis-speculation					unmapped
L7-0617	辞	b79-m1-hypothesis-speculation					unmapped
L7-0618	辞呈	b79-m1-hypothesis-speculation					unmapped
L7-0619	辞去	b79-m1-hypothesis-speculation					unmapped
L7-0620	辞退	b79-m1-hypothesis-speculation					unmapped
L7-0621	慈善	b79-m1-hypothesis-speculation	b7-social-culture	L7-0480	b79-m1-comparison-evaluation	polite	simp
L7-0622	慈祥	b79-m1-hypothesis-speculation	b7-social-emotions	L7-0481	b79-m1-comparison-evaluation	polite	simp
L7-0623	磁带	b79-m1-hypothesis-speculation	b7-tech-science	L7-0478	b79-m1-comparison-evaluation		simp
L7-0624	磁卡	b79-m1-hypothesis-speculation					unmapped
L7-0625	磁盘	b79-m1-hypothesis-speculation	b7-tech-science	L7-0479	b79-m1-comparison-evaluation		simp
L7-0626	此起彼伏	b79-m1-hypothesis-speculation					unmapped
L7-0627	次日	b79-m1-hypothesis-speculation					unmapped
L7-0628	伺候	b79-m1-hypothesis-speculation	b7-social-nuance	L7-0486	b79-m1-comparison-evaluation		simp
L7-0629	刺耳	b79-m1-hypothesis-speculation					unmapped
L7-0630	刺骨	b79-m1-hypothesis-speculation					unmapped
L7-0631	刺绣	b79-m1-hypothesis-speculation					unmapped
L7-0632	赐	b79-m1-hypothesis-speculation					unmapped
L7-0633	赐教	b79-m1-hypothesis-speculation					unmapped
L7-0634	匆匆	b79-m1-hypothesis-speculation					unmapped
L7-0635	匆忙	b79-m1-hypothesis-speculation	b7-general-formal	L7-0487	b79-m1-comparison-evaluation		simp
L7-0636	葱	b79-m1-hypothesis-speculation					unmapped
L7-0637	从今以后	b79-m1-hypothesis-speculation					unmapped
L7-0638	从来不	b79-m1-hypothesis-speculation					unmapped
L7-0639	从容	b79-m1-hypothesis-speculation					unmapped
L7-0640	从容不迫	b79-m1-hypothesis-speculation					unmapped
L7-0641	从头	b79-m1-hypothesis-speculation					unmapped
L7-0642	从未	b79-m1-hypothesis-speculation					unmapped
L7-0643	从业	b79-m1-hypothesis-speculation					unmapped
L7-0644	从早到晚	b79-m1-hypothesis-speculation					unmapped
L7-0645	丛林	b79-m1-hypothesis-speculation					unmapped
L7-0646	凑	b79-m1-hypothesis-speculation	b7-general-formal	L7-0490	b79-m1-comparison-evaluation		simp
L7-0647	凑合	b79-m1-hypothesis-speculation	b7-social-nuance	L7-0491	b79-m1-comparison-evaluation		simp
L7-0648	凑巧	b79-m1-hypothesis-speculation					unmapped
L7-0649	粗暴	b79-m1-hypothesis-speculation					unmapped
L7-0650	粗糙	b79-m1-hypothesis-speculation					unmapped
L7-0651	粗鲁	b79-m1-hypothesis-speculation	b7-social-behavior	L7-0492	b79-m1-comparison-evaluation		simp
L7-0652	粗略	b79-m2-agreement-concession					unmapped
L7-0653	粗心大意	b79-m2-agreement-concession	b7-idioms-behavior	L7-0494	b79-m1-comparison-evaluation		simp
L7-0654	促成	b79-m2-agreement-concession					unmapped
L7-0655	簇拥	b79-m2-agreement-concession					unmapped
L7-0656	窜	b79-m2-agreement-concession					unmapped
L7-0657	催	b79-m2-agreement-concession	b7-social-nuance	L7-0496	b79-m1-comparison-evaluation		simp
L7-0658	催促	b79-m2-agreement-concession					unmapped
L7-0659	催眠	b79-m2-agreement-concession	b7-health-medical	L7-0497	b79-m1-comparison-evaluation		simp
L7-0660	摧毁	b79-m2-agreement-concession					unmapped
L7-0661	脆弱	b79-m2-agreement-concession	b7-social-emotions	L7-0499	b79-m1-comparison-evaluation		simp
L7-0662	翠绿	b79-m2-agreement-concession					unmapped
L7-0663	存放	b79-m2-agreement-concession					unmapped
L7-0664	存心	b79-m2-agreement-concession					unmapped
L7-0665	存折	b79-m2-agreement-concession					unmapped
L7-0666	搓	b79-m2-agreement-concession	b7-general-formal	L7-0503	b79-m1-comparison-evaluation		simp
L7-0667	磋商	b79-m2-agreement-concession	b7-politics-diplomacy	L7-0504	b79-m1-comparison-evaluation	polite	simp
L7-0669	措手不及	b79-m2-agreement-concession					unmapped
L7-0670	错别字	b79-m2-agreement-concession					unmapped
L7-0671	错觉	b79-m2-agreement-concession					unmapped
L7-0672	错位	b79-m2-agreement-concession					unmapped
L7-0673	错综复杂	b79-m2-agreement-concession					unmapped
L7-0674	搭乘	b79-m2-agreement-concession					unmapped
L7-0675	搭建	b79-m2-agreement-concession					unmapped
L7-0676	达标	b79-m2-agreement-concession					unmapped
L7-0677	答辩	b79-m2-agreement-concession	b7-academic-work	L7-0509	b79-m1-comparison-evaluation		simp
L7-0678	打岔	b79-m2-agreement-concession					unmapped
L7-0679	打倒	b79-m2-agreement-concession					unmapped
L7-0680	打盹儿	b79-m2-agreement-concession					unmapped
L7-0681	打交道	b79-m2-agreement-concession					unmapped
L7-0682	打搅	b79-m2-agreement-concession					unmapped
L7-0683	打捞	b79-m2-agreement-concession					unmapped
L7-0684	打量	b79-m2-agreement-concession	b7-social-behavior	L7-0514	b79-m1-comparison-evaluation		simp
L7-0685	打猎	b79-m2-agreement-concession	b7-culture-sports	L7-0515	b79-m1-comparison-evaluation		simp
L7-0686	打磨	b79-m2-agreement-concession					unmapped
L7-0687	打通	b79-m2-agreement-concession					unmapped
L7-0688	打仗	b79-m2-agreement-concession	b7-politics-military	L7-0520	b79-m1-comparison-evaluation		simp
L7-0689	打招呼	b79-m2-agreement-concession					unmapped
L7-0690	大包大揽	b79-m2-agreement-concession					unmapped
L7-0691	大笔	b79-m2-agreement-concession					unmapped
L7-0692	大臣	b79-m2-agreement-concession	b7-politics-society	L7-0524	b79-m1-comparison-evaluation		simp
L7-0693	大吃一惊	b79-m2-agreement-concession					unmapped
L7-0694	大大咧咧	b79-m2-agreement-concession					unmapped
L7-0695	大地	b79-m2-agreement-concession					unmapped
L7-0696	大队	b79-m2-agreement-concession					unmapped
L7-0697	大幅度	b79-m2-agreement-concession					unmapped
L7-0698	大公无私	b79-m2-agreement-concession					unmapped
L7-0699	大家庭	b79-m2-agreement-concession					unmapped
L7-0700	大街小巷	b79-m2-agreement-concession					unmapped
L7-0701	大惊小怪	b79-m2-agreement-concession					unmapped
L7-0702	大局	b79-m2-agreement-concession					unmapped
L7-0703	大款	b79-m2-agreement-concession					unmapped
L7-0704	大面积	b79-m2-agreement-concession					unmapped
L7-0705	大名鼎鼎	b79-m2-agreement-concession					unmapped
L7-0706	大模大样	b79-m2-agreement-concession					unmapped
L7-0707	大棚	b79-m2-agreement-concession					unmapped
L7-0708	大片	b79-m2-agreement-concession					unmapped
L7-0709	大气	b79-m2-agreement-concession	b7-nature-geography	L7-0537	b79-m1-comparison-evaluation		simp
L7-0710	大厦	b79-m2-agreement-concession					unmapped
L7-0711	大数据	b79-m2-agreement-concession					unmapped
L7-0712	大肆	b79-m2-agreement-concession					unmapped
L7-0713	大体	b79-m2-agreement-concession					unmapped
L7-0714	大体上	b79-m2-agreement-concession					unmapped
L7-0715	大同小异	b79-m2-agreement-concession					unmapped
L7-0716	大腕儿	b79-m2-agreement-concession					unmapped
L7-0717	大选	b79-m2-agreement-concession					unmapped
L7-0718	大雁	b79-m2-agreement-concession					unmapped
L7-0719	大意	b79-m2-agreement-concession	b7-social-behavior	L7-0545	b79-m1-comparison-evaluation		simp
L7-0720	大意	b79-m2-agreement-concession	b7-social-behavior	L7-0545	b79-m1-comparison-evaluation		simp
L7-0721	大有可为	b79-m2-agreement-concession					unmapped
L7-0722	大宗	b79-m2-agreement-concession					unmapped
L7-0723	歹徒	b79-m2-agreement-concession					unmapped
L7-0724	逮	b79-m2-agreement-concession					unmapped
L7-0725	代号	b79-m2-agreement-concession					unmapped
L7-0726	代理人	b79-m2-agreement-concession					unmapped
L7-0727	代言人	b79-m2-agreement-concession					unmapped
L7-0728	带队	b79-m2-agreement-concession					unmapped
L7-0729	带路	b79-m2-agreement-concession					unmapped
L7-0730	带头	b79-m2-agreement-concession					unmapped
L7-0731	带头人	b79-m2-agreement-concession					unmapped
L7-0732	待	b79-m2-agreement-concession					unmapped
L7-0733	怠工	b79-m2-agreement-concession					unmapped
L7-0734	怠慢	b79-m2-agreement-concession	b7-social-nuance	L7-0558	b79-m1-comparison-evaluation	polite	simp
L7-0735	逮捕	b79-m2-agreement-concession	b7-politics-legal	L7-0555	b79-m1-comparison-evaluation		simp
L7-0736	担	b79-m2-agreement-concession	b7-general-formal	L7-0559	b79-m1-comparison-evaluation		simp
L7-0737	担当	b79-m2-agreement-concession					unmapped
L7-0738	担负	b79-m2-agreement-concession	b7-social-work	L7-0561	b79-m1-comparison-evaluation		simp
L7-0739	单边	b79-m2-agreement-concession					unmapped
L7-0740	单薄	b79-m2-agreement-concession					unmapped
L7-0741	单方面	b79-m2-agreement-concession					unmapped
L7-0742	单身	b79-m2-agreement-concession					unmapped
L7-0743	耽搁	b79-m2-agreement-concession					unmapped
L7-0744	耽误	b79-m2-agreement-concession	b7-general-formal	L7-0564	b79-m1-comparison-evaluation		simp
L7-0745	胆怯	b79-m2-agreement-concession	b7-social-emotions	L7-0565	b79-m1-comparison-evaluation		simp
L7-0746	胆子	b79-m2-agreement-concession					unmapped
L7-0747	但愿	b79-m2-agreement-concession					unmapped
L7-0748	担	b79-m2-agreement-concession	b7-general-formal	L7-0559	b79-m1-comparison-evaluation		simp
L7-0749	担子	b79-m2-agreement-concession					unmapped
L7-0750	诞辰	b79-m2-agreement-concession					unmapped
L7-0751	淡化	b79-m2-agreement-concession					unmapped
L7-0752	淡季	b79-m2-agreement-concession	b7-finance-business	L7-0567	b79-m1-comparison-evaluation		simp
L7-0753	蛋白质	b79-m2-agreement-concession	b7-health-medical	L7-0569	b79-m1-comparison-evaluation		simp
L7-0754	当即	b79-m2-agreement-concession					unmapped
L7-0755	当今	b79-m2-agreement-concession					unmapped
L7-0756	当面	b79-m2-agreement-concession	b7-social-nuance	L7-0574	b79-m1-comparison-evaluation		simp
L7-0757	当日	b79-m2-agreement-concession					unmapped
L7-0758	当事人	b79-m2-agreement-concession	b7-politics-legal	L7-0576	b79-m1-comparison-evaluation		simp
L7-0759	当务之急	b79-m2-agreement-concession					unmapped
L7-0760	当下	b79-m2-agreement-concession					unmapped
L7-0761	当心	b79-m2-agreement-concession					unmapped
L7-0762	当着	b79-m2-agreement-concession					unmapped
L7-0763	当之无愧	b79-m2-agreement-concession					unmapped
L7-0764	当众	b79-m2-agreement-concession					unmapped
L7-0765	当晚	b79-m2-agreement-concession					unmapped
L7-0766	当真	b79-m2-agreement-concession					unmapped
L7-0767	荡漾	b79-m2-agreement-concession					unmapped
L7-0768	档次	b79-m2-agreement-concession	b7-finance-business	L7-0582	b79-m1-comparison-evaluation		simp
L7-0769	导弹	b79-m2-agreement-concession	b7-politics-military	L7-0583	b79-m1-comparison-evaluation		simp
L7-0770	导航	b79-m2-agreement-concession					unmapped
L7-0771	导火索	b79-m2-agreement-concession					unmapped
L7-0772	导师	b79-m2-agreement-concession					unmapped
L7-0773	导向	b79-m2-agreement-concession					unmapped
L7-0774	岛屿	b79-m2-agreement-concession	b7-nature-geography	L7-0585	b79-m1-comparison-evaluation		simp
L7-0775	捣乱	b79-m2-agreement-concession					unmapped
L7-0776	倒卖	b79-m2-agreement-concession					unmapped
L7-0777	倒霉	b79-m2-agreement-concession	b7-social-nuance	L7-0588	b79-m1-comparison-evaluation		simp
L7-0778	倒塌	b79-m2-agreement-concession					unmapped
L7-0779	倒下	b79-m2-agreement-concession					unmapped
L7-0780	到头来	b79-m2-agreement-concession					unmapped
L7-0781	到位	b79-m2-agreement-concession					unmapped
L7-0782	倒计时	b79-m2-agreement-concession					unmapped
L7-0783	倒数	b79-m2-agreement-concession	b7-academic-logic	L7-0589	b79-m1-comparison-evaluation		simp
L7-0784	盗	b79-m2-agreement-concession					unmapped
L7-0785	盗窃	b79-m2-agreement-concession	b7-politics-legal	L7-0593	b79-m1-comparison-evaluation		simp
L7-0786	悼念	b79-m2-agreement-concession					unmapped
L7-0787	道具	b79-m2-agreement-concession					unmapped
L7-0788	稻草	b79-m2-agreement-concession					unmapped
L7-0789	得不偿失	b79-m2-agreement-concession	b7-idioms-formal	L7-0595	b79-m1-comparison-evaluation		simp
L7-0790	得当	b79-m2-agreement-concession					unmapped
L7-0791	得力	b79-m2-agreement-concession	b7-social-work	L7-0596	b79-m1-comparison-evaluation		simp
L7-0792	得失	b79-m2-agreement-concession					unmapped
L7-0793	得手	b79-m2-agreement-concession					unmapped
L7-0794	得体	b79-m2-agreement-concession	b7-social-behavior	L7-0597	b79-m1-comparison-evaluation	polite	simp
L7-0795	得天独厚	b79-m2-agreement-concession	b7-idioms-formal	L7-0598	b79-m1-comparison-evaluation		simp
L7-0796	得益于	b79-m2-agreement-concession					unmapped
L7-0797	得意扬扬	b79-m2-agreement-concession					unmapped
L7-0798	得知	b79-m2-agreement-concession					unmapped
L7-0800	德	b79-m2-agreement-concession					unmapped
L7-0801	灯笼	b79-m2-agreement-concession	b7-culture-holidays	L7-0606	b79-m1-comparison-evaluation		simp
L7-0802	灯泡	b79-m2-agreement-concession					unmapped
L7-0803	登机	b79-m2-agreement-concession	b7-tech-transport	L7-0602	b79-m1-comparison-evaluation		simp
L7-0804	登陆	b79-m2-agreement-concession	b7-tech-science	L7-0604	b79-m1-comparison-evaluation		simp
L7-0805	蹬	b79-m2-agreement-concession					unmapped
L7-0806	凳子	b79-m2-agreement-concession					unmapped
L7-0807	瞪	b79-m2-agreement-concession	b7-social-behavior	L7-0612	b79-m1-comparison-evaluation		simp
L7-0808	低调	b79-m2-agreement-concession					unmapped
L7-0809	低估	b79-m2-agreement-concession	b7-academic-logic	L7-0613	b79-m1-comparison-evaluation		simp
L7-0810	低谷	b79-m2-agreement-concession					unmapped
L7-0811	低价	b79-m2-agreement-concession					unmapped
L7-0812	低迷	b79-m2-agreement-concession					unmapped
L7-0813	低碳	b79-m2-agreement-concession					unmapped
L7-0814	低下	b79-m2-agreement-concession					unmapped
L7-0815	堤	b79-m2-agreement-concession					unmapped
L7-0816	堤坝	b79-m2-agreement-concession	b7-tech-infrastructure	L7-0618	b79-m1-comparison-evaluation		simp
L7-0817	提防	b79-m2-agreement-concession					unmapped
L7-0818	笛子	b79-m2-agreement-concession					unmapped
L7-0819	抵触	b79-m2-agreement-concession					unmapped
L7-0820	抵挡	b79-m2-agreement-concession					unmapped
L7-0821	抵消	b79-m2-agreement-concession	b7-academic-logic	L7-0623	b79-m1-comparison-evaluation		simp
L7-0822	抵押	b79-m2-agreement-concession					unmapped
L7-0823	抵御	b79-m2-agreement-concession					unmapped
L7-0824	抵制	b79-m2-agreement-concession	b7-politics-society	L7-0624	b79-m1-comparison-evaluation		simp
L7-0825	底层	b79-m2-agreement-concession					unmapped
L7-0826	底线	b79-m2-agreement-concession					unmapped
L7-0827	底蕴	b79-m2-agreement-concession					unmapped
L7-0828	底子	b79-m2-agreement-concession					unmapped
L7-0829	地步	b79-m2-agreement-concession	b7-social-nuance	L7-0625	b79-m1-comparison-evaluation		simp
L7-0830	地道	b79-m2-agreement-concession	b7-social-culture	L7-0626	b79-m1-comparison-evaluation		simp
L7-0831	地道	b79-m2-agreement-concession	b7-social-culture	L7-0626	b79-m1-comparison-evaluation		simp
L7-0832	地段	b79-m2-agreement-concession	b7-finance-business	L7-0627	b79-m1-comparison-evaluation		simp
L7-0833	地理	b79-m2-agreement-concession					unmapped
L7-0834	地毯	b79-m2-agreement-concession	b7-general-formal	L7-0629	b79-m1-comparison-evaluation		simp
L7-0835	地下水	b79-m2-agreement-concession					unmapped
L7-0836	地狱	b79-m2-agreement-concession					unmapped
L7-0837	地域	b79-m2-agreement-concession					unmapped
L7-0838	地质	b79-m2-agreement-concession	b7-tech-science	L7-0630	b79-m1-comparison-evaluation		simp
L7-0839	弟子	b79-m2-agreement-concession					unmapped
L7-0840	帝国	b79-m2-agreement-concession					unmapped
L7-0841	帝国主义	b79-m2-agreement-concession					unmapped
L7-0842	递交	b79-m2-agreement-concession					unmapped
L7-0843	第一手	b79-m2-agreement-concession					unmapped
L7-0844	第一线	b79-m2-agreement-concession					unmapped
L7-0845	颠倒	b79-m2-agreement-concession	b7-academic-logic	L7-0633	b79-m1-comparison-evaluation		simp
L7-0846	颠覆	b79-m2-agreement-concession	b7-politics-society	L7-0634	b79-m1-comparison-evaluation		simp
L7-0847	巅峰	b79-m2-agreement-concession	b7-general-formal	L7-0635	b79-m1-comparison-evaluation		simp
L7-0849	点火	b79-m2-agreement-concession	b7-tech-science	L7-0639	b79-m1-comparison-evaluation		simp
L7-0850	点击率	b79-m2-agreement-concession					unmapped
L7-0851	点评	b79-m2-agreement-concession					unmapped
L7-0852	点心	b79-m2-agreement-concession					unmapped
L7-0853	点缀	b79-m2-agreement-concession	b7-culture-arts	L7-0640	b79-m1-comparison-evaluation		simp
L7-0854	点子	b79-m2-agreement-concession					unmapped
L7-0855	电报	b79-m2-agreement-concession	b7-tech-science	L7-0646	b79-m1-comparison-evaluation		simp
L7-0856	电铃	b79-m2-agreement-concession	b7-tech-science	L7-0653	b79-m1-comparison-evaluation		simp
L7-0857	电网	b79-m2-agreement-concession					unmapped
L7-0858	电线	b79-m2-agreement-concession	b7-tech-science	L7-0657	b79-m1-comparison-evaluation		simp
L7-0859	电信	b79-m2-agreement-concession					unmapped
L7-0860	电讯	b79-m2-agreement-concession					unmapped
L7-0861	垫	b79-m2-agreement-concession	b7-general-formal	L7-0641	b79-m1-comparison-evaluation		simp
L7-0862	垫底	b79-m2-agreement-concession	b7-social-nuance	L7-0642	b79-m1-comparison-evaluation		simp
L7-0863	垫子	b79-m2-agreement-concession					unmapped
L7-0864	淀粉	b79-m2-agreement-concession					unmapped
L7-0865	惦记	b79-m2-agreement-concession	b7-social-emotions	L7-0645	b79-m1-comparison-evaluation		simp
L7-0866	奠定	b79-m2-agreement-concession	b7-academic-logic	L7-0643	b79-m1-comparison-evaluation	polite	simp
L7-0867	殿堂	b79-m2-agreement-concession					unmapped
L7-0868	刁难	b79-m2-agreement-concession					unmapped
L7-0869	叼	b79-m2-emphasis-reinforcement					unmapped
L7-0870	雕	b79-m2-emphasis-reinforcement					unmapped
L7-0871	雕刻	b79-m2-emphasis-reinforcement	b7-culture-arts	L7-0661	b79-m1-comparison-evaluation		simp
L7-0872	雕塑	b79-m2-emphasis-reinforcement	b7-culture-arts	L7-0662	b79-m1-comparison-evaluation		simp
L7-0873	吊销	b79-m2-emphasis-reinforcement					unmapped
L7-0874	钓鱼	b79-m2-emphasis-reinforcement					unmapped
L7-0875	调度	b79-m2-emphasis-reinforcement					unmapped
L7-0876	掉队	b79-m2-emphasis-reinforcement					unmapped
L7-0877	掉头	b79-m2-emphasis-reinforcement					unmapped
L7-0878	爹	b79-m2-emphasis-reinforcement					unmapped
L7-0879	迭起	b79-m2-emphasis-reinforcement					unmapped
L7-0880	叠	b79-m2-emphasis-reinforcement					unmapped
L7-0881	丁	b79-m2-emphasis-reinforcement					unmapped
L7-0882	叮嘱	b79-m2-emphasis-reinforcement	b7-social-nuance	L7-0668	b79-m1-comparison-evaluation	polite	simp
L7-0883	盯	b79-m2-emphasis-reinforcement	b7-social-behavior	L7-0673	b79-m1-comparison-evaluation		simp
L7-0884	钉子	b79-m2-emphasis-reinforcement					unmapped
L7-0885	顶多	b79-m2-emphasis-reinforcement					unmapped
L7-0886	顶级	b79-m2-emphasis-reinforcement					unmapped
L7-0887	顶尖	b79-m2-emphasis-reinforcement					unmapped
L7-0888	订单	b79-m2-emphasis-reinforcement	b7-finance-business	L7-0670	b79-m1-comparison-evaluation		simp
L7-0889	订购	b79-m2-emphasis-reinforcement	b7-finance-business	L7-0671	b79-m1-comparison-evaluation		simp
L7-0890	订婚	b79-m2-emphasis-reinforcement					unmapped
L7-0891	订立	b79-m2-emphasis-reinforcement					unmapped
L7-0892	钉	b79-m2-emphasis-reinforcement					unmapped
L7-0893	定金	b79-m2-emphasis-reinforcement					unmapped
L7-0894	定居	b79-m2-emphasis-reinforcement					unmapped
L7-0895	定论	b79-m2-emphasis-reinforcement					unmapped
L7-0896	定为	b79-m2-emphasis-reinforcement					unmapped
L7-0897	定向	b79-m2-emphasis-reinforcement					unmapped
L7-0898	定心丸	b79-m2-emphasis-reinforcement					unmapped
L7-0899	定义	b79-m2-emphasis-reinforcement	b7-academic-logic	L7-0680	b79-m1-comparison-evaluation		simp
L7-0900	定做	b79-m2-emphasis-reinforcement					unmapped
L7-0901	丢掉	b79-m2-emphasis-reinforcement					unmapped
L7-0902	丢脸	b79-m2-emphasis-reinforcement					unmapped
L7-0903	丢弃	b79-m2-emphasis-reinforcement					unmapped
L7-0904	丢人	b79-m2-emphasis-reinforcement					unmapped
L7-0905	丢失	b79-m2-emphasis-reinforcement					unmapped
L7-0906	东奔西走	b79-m2-emphasis-reinforcement					unmapped
L7-0907	东道主	b79-m2-emphasis-reinforcement	b7-politics-diplomacy	L7-0682	b79-m1-comparison-evaluation		simp
L7-0908	东张西望	b79-m2-emphasis-reinforcement	b7-idioms-behavior	L7-0683	b79-m1-comparison-evaluation		simp
L7-0909	董事	b79-m2-emphasis-reinforcement					unmapped
L7-0910	董事会	b79-m2-emphasis-reinforcement	b7-finance-business	L7-0685	b79-m1-comparison-evaluation		simp
L7-0911	董事长	b79-m2-emphasis-reinforcement	b7-finance-business	L7-0684	b79-m1-comparison-evaluation		simp
L7-0912	懂事	b79-m2-emphasis-reinforcement	b7-social-virtues	L7-0686	b79-m1-comparison-evaluation		simp
L7-0913	动不动	b79-m2-emphasis-reinforcement					unmapped
L7-0914	动荡	b79-m2-emphasis-reinforcement	b7-politics-society	L7-0687	b79-m1-comparison-evaluation		simp
L7-0915	动感	b79-m2-emphasis-reinforcement					unmapped
L7-0916	动工	b79-m2-emphasis-reinforcement					unmapped
L7-0917	动静	b79-m2-emphasis-reinforcement					unmapped
L7-0918	动脉	b79-m2-emphasis-reinforcement	b7-health-medical	L7-0694	b79-m1-comparison-evaluation		simp
L7-0919	动身	b79-m2-emphasis-reinforcement					unmapped
L7-0920	动弹	b79-m2-emphasis-reinforcement					unmapped
L7-0921	动听	b79-m2-emphasis-reinforcement					unmapped
L7-0922	动向	b79-m2-emphasis-reinforcement	b7-politics-society	L7-0692	b79-m1-comparison-evaluation		simp
L7-0923	动用	b79-m2-emphasis-reinforcement					unmapped
L7-0924	冻结	b79-m2-emphasis-reinforcement	b7-finance-business	L7-0695	b79-m1-comparison-evaluation		simp
L7-0925	栋	b79-m2-emphasis-reinforcement					unmapped
L7-0926	栋梁	b79-m2-emphasis-reinforcement					unmapped
L7-0927	兜	b79-m2-emphasis-reinforcement	b7-general-formal	L7-0701	b79-m1-comparison-evaluation		simp
L7-0928	兜儿	b79-m2-emphasis-reinforcement					unmapped
L7-0929	兜售	b79-m2-emphasis-reinforcement					unmapped
L7-0930	抖	b79-m2-emphasis-reinforcement					unmapped
L7-0931	陡	b79-m2-emphasis-reinforcement	b7-nature-geography	L7-0702	b79-m1-comparison-evaluation		simp
L7-0932	斗	b79-m2-emphasis-reinforcement	b7-politics-society	L7-0704	b79-m1-comparison-evaluation		simp
L7-0933	斗志	b79-m2-emphasis-reinforcement					unmapped
L7-0934	豆浆	b79-m2-emphasis-reinforcement					unmapped
L7-0935	豆子	b79-m2-emphasis-reinforcement					unmapped
L7-0936	逗	b79-m2-emphasis-reinforcement					unmapped
L7-0937	都会	b79-m2-emphasis-reinforcement					unmapped
L7-0938	督促	b79-m2-emphasis-reinforcement	b7-social-work	L7-0706	b79-m1-comparison-evaluation		simp
L7-0939	独	b79-m2-emphasis-reinforcement					unmapped
L7-0940	独唱	b79-m2-emphasis-reinforcement					unmapped
L7-0941	独家	b79-m2-emphasis-reinforcement	b7-culture-media	L7-0712	b79-m1-comparison-evaluation		simp
L7-0943	独身	b79-m2-emphasis-reinforcement					unmapped
L7-0944	独一无二	b79-m2-emphasis-reinforcement	b7-idioms-formal	L7-0714	b79-m1-comparison-evaluation		simp
L7-0945	堵塞	b79-m2-emphasis-reinforcement					unmapped
L7-0946	杜绝	b79-m2-emphasis-reinforcement	b7-politics-society	L7-0717	b79-m1-comparison-evaluation	polite	simp
L7-0947	妒忌	b79-m2-emphasis-reinforcement					unmapped
L7-0948	度	b79-m2-emphasis-reinforcement					unmapped
L7-0949	度假	b79-m2-emphasis-reinforcement					unmapped
L7-0950	渡过	b79-m2-emphasis-reinforcement					unmapped
L7-0951	端正	b79-m2-emphasis-reinforcement	b7-social-virtues	L7-0719	b79-m1-comparison-evaluation		simp
L7-0952	短缺	b79-m2-emphasis-reinforcement	b7-finance-business	L7-0720	b79-m1-comparison-evaluation		simp
L7-0953	短暂	b79-m2-emphasis-reinforcement					unmapped
L7-0954	段落	b79-m2-emphasis-reinforcement					unmapped
L7-0955	断定	b79-m2-emphasis-reinforcement	b7-academic-logic	L7-0723	b79-m1-comparison-evaluation		simp
L7-0957	断裂	b79-m2-emphasis-reinforcement					unmapped
L7-0958	堆砌	b79-m2-emphasis-reinforcement					unmapped
L7-0959	队形	b79-m2-emphasis-reinforcement					unmapped
L7-0960	对白	b79-m2-emphasis-reinforcement					unmapped
L7-0961	对策	b79-m2-emphasis-reinforcement	b7-politics-society	L7-0732	b79-m1-comparison-evaluation		simp
L7-0962	对称	b79-m2-emphasis-reinforcement	b7-tech-science	L7-0733	b79-m1-comparison-evaluation		simp
L7-0963	对得起	b79-m2-emphasis-reinforcement					unmapped
L7-0964	对联	b79-m2-emphasis-reinforcement	b7-culture-heritage	L7-0729	b79-m1-comparison-evaluation		simp
L7-0965	对弈	b79-m2-emphasis-reinforcement					unmapped
L7-0966	对照	b79-m2-emphasis-reinforcement	b7-academic-logic	L7-0731	b79-m1-comparison-evaluation		simp
L7-0967	对峙	b79-m2-emphasis-reinforcement					unmapped
L7-0968	对准	b79-m2-emphasis-reinforcement					unmapped
L7-0969	兑换	b79-m2-emphasis-reinforcement					unmapped
L7-0970	兑现	b79-m2-emphasis-reinforcement	b7-finance-business	L7-0734	b79-m1-comparison-evaluation		simp
L7-0971	敦促	b79-m2-emphasis-reinforcement					unmapped
L7-0972	敦厚	b79-m2-emphasis-reinforcement					unmapped
L7-0973	炖	b79-m2-emphasis-reinforcement					unmapped
L7-0974	顿时	b79-m2-emphasis-reinforcement	b7-academic-logic	L7-0737	b79-m1-comparison-evaluation		simp
L7-0975	多边	b79-m2-emphasis-reinforcement					unmapped
L7-0976	多功能	b79-m2-emphasis-reinforcement					unmapped
L7-0977	多亏	b79-m2-emphasis-reinforcement	b7-social-nuance	L7-0739	b79-m1-comparison-evaluation	polite	simp
L7-0978	多劳多得	b79-m2-emphasis-reinforcement					unmapped
L7-0979	多年来	b79-m2-emphasis-reinforcement					unmapped
L7-0980	多心	b79-m2-emphasis-reinforcement					unmapped
L7-0981	多余	b79-m2-emphasis-reinforcement					unmapped
L7-0982	多元	b79-m2-emphasis-reinforcement	b7-politics-society	L7-0741	b79-m1-comparison-evaluation		simp
L7-0983	哆嗦	b79-m2-emphasis-reinforcement					unmapped
L7-0984	夺冠	b79-m2-emphasis-reinforcement					unmapped
L7-0985	夺魁	b79-m2-emphasis-reinforcement					unmapped
L7-0986	躲避	b79-m2-emphasis-reinforcement	b7-general-formal	L7-0746	b79-m1-comparison-evaluation		simp
L7-0987	躲藏	b79-m2-emphasis-reinforcement					unmapped
L7-0988	舵手	b79-m2-emphasis-reinforcement					unmapped
L7-0989	堕落	b79-m2-emphasis-reinforcement					unmapped
L7-0990	讹诈	b79-m2-emphasis-reinforcement					unmapped
L7-0991	俄语	b79-m2-emphasis-reinforcement					unmapped
L7-0992	鹅	b79-m2-emphasis-reinforcement					unmapped
L7-0993	额外	b79-m2-emphasis-reinforcement	b7-finance-business	L7-0747	b79-m1-comparison-evaluation		simp
L7-0994	厄运	b79-m2-emphasis-reinforcement					unmapped
L7-0995	恶	b79-m2-emphasis-reinforcement					unmapped
L7-0996	恶化	b79-m2-emphasis-reinforcement	b7-academic-logic	L7-0749	b79-m1-comparison-evaluation		simp
L7-0997	恶劣	b79-m2-emphasis-reinforcement	b7-nature-geography	L7-0751	b79-m1-comparison-evaluation		simp
L7-0998	恶性	b79-m2-emphasis-reinforcement					unmapped
L7-0999	恶意	b79-m2-emphasis-reinforcement					unmapped
L7-1000	遏制	b79-m2-emphasis-reinforcement	b7-politics-society	L7-0752	b79-m1-comparison-evaluation		simp
L7-1001	鳄鱼	b79-m2-emphasis-reinforcement					unmapped
L7-1002	恩赐	b79-m2-emphasis-reinforcement					unmapped
L7-1003	恩惠	b79-m2-emphasis-reinforcement					unmapped
L7-1004	恩情	b79-m2-emphasis-reinforcement					unmapped
L7-1005	恩怨	b79-m2-emphasis-reinforcement	b7-social-emotions	L7-0753	b79-m1-comparison-evaluation		simp
L7-1006	而已	b79-m2-emphasis-reinforcement	b7-academic-logic	L7-0754	b79-m1-comparison-evaluation		simp
L7-1007	耳光	b79-m2-emphasis-reinforcement					unmapped
L7-1011	二手车	b79-m2-emphasis-reinforcement					unmapped
L7-1012	二氧化碳	b79-m2-emphasis-reinforcement					unmapped
L7-1013	发布会	b79-m2-emphasis-reinforcement	b7-culture-media	L7-0757	b79-m2-agreement-concession		simp
L7-1014	发财	b79-m2-emphasis-reinforcement	b7-finance-business	L7-0758	b79-m2-agreement-concession		simp
L7-1015	发愁	b79-m2-emphasis-reinforcement					unmapped
L7-1016	发电机	b79-m2-emphasis-reinforcement					unmapped
L7-1017	发抖	b79-m2-emphasis-reinforcement	b7-social-emotions	L7-0760	b79-m2-agreement-concession		simp
L7-1018	发愤图强	b79-m2-emphasis-reinforcement					unmapped
L7-1019	发光	b79-m2-emphasis-reinforcement					unmapped
L7-1020	发火	b79-m2-emphasis-reinforcement	b7-social-emotions	L7-0762	b79-m2-agreement-concession		simp
L7-1021	发酵	b79-m2-emphasis-reinforcement					unmapped
L7-1022	发掘	b79-m2-emphasis-reinforcement	b7-tech-science	L7-0763	b79-m2-agreement-concession		simp
L7-1023	发愣	b79-m2-emphasis-reinforcement					unmapped
L7-1024	发脾气	b79-m2-emphasis-reinforcement	b7-social-behavior	L7-0766	b79-m2-agreement-concession		simp
L7-1025	发起人	b79-m2-emphasis-reinforcement					unmapped
L7-1026	发热	b79-m2-emphasis-reinforcement					unmapped
L7-1027	发誓	b79-m2-emphasis-reinforcement	b7-social-nuance	L7-0770	b79-m2-agreement-concession		simp
L7-1028	发泄	b79-m2-emphasis-reinforcement					unmapped
L7-1029	发扬	b79-m2-emphasis-reinforcement	b7-social-virtues	L7-0773	b79-m2-agreement-concession	polite	simp
L7-1030	发扬光大	b79-m2-emphasis-reinforcement					unmapped
L7-1031	发育	b79-m2-emphasis-reinforcement	b7-health-medical	L7-0774	b79-m2-agreement-concession		simp
L7-1032	发源地	b79-m2-emphasis-reinforcement					unmapped
L7-1033	发作	b79-m2-emphasis-reinforcement					unmapped
L7-1034	阀门	b79-m2-emphasis-reinforcement					unmapped
L7-1035	发型	b79-m2-emphasis-reinforcement					unmapped
L7-1036	帆	b79-m2-emphasis-reinforcement					unmapped
L7-1037	帆船	b79-m2-emphasis-reinforcement					unmapped
L7-1038	翻番	b79-m2-emphasis-reinforcement					unmapped
L7-1039	翻来覆去	b79-m2-emphasis-reinforcement					unmapped
L7-1040	翻天覆地	b79-m2-emphasis-reinforcement					unmapped
L7-1041	凡	b79-m2-emphasis-reinforcement					unmapped
L7-1042	烦闷	b79-m2-emphasis-reinforcement					unmapped
L7-1043	烦恼	b79-m2-emphasis-reinforcement					unmapped
L7-1044	烦躁	b79-m2-emphasis-reinforcement					unmapped
L7-1045	繁华	b79-m2-emphasis-reinforcement					unmapped
L7-1046	繁忙	b79-m2-emphasis-reinforcement	b7-general-formal	L7-0785	b79-m2-agreement-concession		simp
L7-1047	繁体字	b79-m2-emphasis-reinforcement					unmapped
L7-1048	繁重	b79-m2-emphasis-reinforcement					unmapped
L7-1049	反驳	b79-m2-emphasis-reinforcement	b7-academic-logic	L7-0788	b79-m2-agreement-concession		simp
L7-1050	反差	b79-m2-emphasis-reinforcement	b7-academic-logic	L7-0789	b79-m2-agreement-concession		simp
L7-1051	反常	b79-m2-emphasis-reinforcement	b7-general-formal	L7-0790	b79-m2-agreement-concession		simp
L7-1052	反倒	b79-m2-emphasis-reinforcement	b7-academic-logic	L7-0791	b79-m2-agreement-concession		simp
L7-1053	反感	b79-m2-emphasis-reinforcement	b7-social-emotions	L7-0792	b79-m2-agreement-concession		simp
L7-1054	反过来	b79-m2-emphasis-reinforcement					unmapped
L7-1055	反击	b79-m2-emphasis-reinforcement	b7-politics-military	L7-0793	b79-m2-agreement-concession		simp
L7-1056	反馈	b79-m2-emphasis-reinforcement	b7-academic-work	L7-0795	b79-m2-agreement-concession	polite	simp
L7-1057	反面	b79-m2-emphasis-reinforcement	b7-academic-logic	L7-0796	b79-m2-agreement-concession		simp
L7-1058	反思	b79-m2-emphasis-reinforcement					unmapped
L7-1059	反弹	b79-m2-emphasis-reinforcement					unmapped
L7-1060	反省	b79-m2-emphasis-reinforcement	b7-social-virtues	L7-0798	b79-m2-agreement-concession		simp
L7-1061	返还	b79-m2-emphasis-reinforcement					unmapped
L7-1062	犯愁	b79-m2-emphasis-reinforcement					unmapped
L7-1063	饭碗	b79-m2-emphasis-reinforcement					unmapped
L7-1064	泛滥	b79-m2-emphasis-reinforcement					unmapped
L7-1065	范畴	b79-m2-emphasis-reinforcement	b7-academic-logic	L7-0802	b79-m2-agreement-concession		simp
L7-1066	贩卖	b79-m2-emphasis-reinforcement	b7-finance-business	L7-0803	b79-m2-agreement-concession		simp
L7-1067	方方面面	b79-m2-emphasis-reinforcement					unmapped
L7-1068	方向盘	b79-m2-emphasis-reinforcement					unmapped
L7-1069	方言	b79-m2-emphasis-reinforcement					unmapped
L7-1070	防盗	b79-m2-emphasis-reinforcement					unmapped
L7-1071	防盗门	b79-m2-emphasis-reinforcement					unmapped
L7-1072	防护	b79-m2-emphasis-reinforcement					unmapped
L7-1073	防火墙	b79-m2-emphasis-reinforcement	b7-tech-science	L7-0813	b79-m2-agreement-concession		simp
L7-1074	防卫	b79-m2-emphasis-reinforcement					unmapped
L7-1075	防汛	b79-m2-emphasis-reinforcement					unmapped
L7-1076	防疫	b79-m2-emphasis-reinforcement	b7-health-medical	L7-0815	b79-m2-agreement-concession		simp
L7-1077	防御	b79-m2-emphasis-reinforcement	b7-politics-military	L7-0816	b79-m2-agreement-concession		simp
L7-1078	妨碍	b79-m2-emphasis-reinforcement	b7-general-formal	L7-0819	b79-m2-agreement-concession		simp
L7-1079	妨害	b79-m2-emphasis-reinforcement					unmapped
L7-1080	房地产	b79-m2-emphasis-reinforcement					unmapped
L7-1081	仿	b79-m2-emphasis-reinforcement					unmapped
L7-1083	访谈	b79-m2-emphasis-reinforcement					unmapped
L7-1084	纺织	b79-m2-emphasis-reinforcement					unmapped
L7-1085	放过	b79-m2-emphasis-reinforcement					unmapped
L7-1086	放水	b79-m2-counterargument					unmapped
L7-1087	放肆	b79-m2-counterargument					unmapped
L7-1088	放映	b79-m2-counterargument					unmapped
L7-1089	放置	b79-m2-counterargument					unmapped
L7-1091	飞速	b79-m2-counterargument	b7-general-formal	L7-0827	b79-m2-agreement-concession		simp
L7-1092	飞往	b79-m2-counterargument					unmapped
L7-1093	飞翔	b79-m2-counterargument	b7-general-formal	L7-0828	b79-m2-agreement-concession		simp
L7-1094	飞跃	b79-m2-counterargument	b7-academic-logic	L7-0829	b79-m2-agreement-concession		simp
L7-1095	非	b79-m2-counterargument					unmapped
L7-1096	非得	b79-m2-counterargument					unmapped
L7-1097	非法	b79-m2-counterargument	b7-politics-legal	L7-0821	b79-m2-agreement-concession		simp
L7-1098	非凡	b79-m2-counterargument	b7-social-virtues	L7-0822	b79-m2-agreement-concession	polite	simp
L7-1099	绯闻	b79-m2-counterargument					unmapped
L7-1100	肥料	b79-m2-counterargument					unmapped
L7-1101	肥胖	b79-m2-counterargument	b7-health-medical	L7-0830	b79-m2-agreement-concession		simp
L7-1102	肥沃	b79-m2-counterargument	b7-nature-geography	L7-0831	b79-m2-agreement-concession		simp
L7-1103	肥皂	b79-m2-counterargument					unmapped
L7-1104	诽谤	b79-m2-counterargument	b7-politics-legal	L7-0832	b79-m2-agreement-concession		simp
L7-1105	废	b79-m2-counterargument					unmapped
L7-1106	废除	b79-m2-counterargument	b7-politics-legal	L7-0833	b79-m2-agreement-concession		simp
L7-1107	废话	b79-m2-counterargument	b7-social-nuance	L7-0834	b79-m2-agreement-concession		simp
L7-1108	废品	b79-m2-counterargument					unmapped
L7-1110	废物	b79-m2-counterargument					unmapped
L7-1111	废墟	b79-m2-counterargument	b7-politics-society	L7-0837	b79-m2-agreement-concession		simp
L7-1113	沸腾	b79-m2-counterargument	b7-tech-science	L7-0838	b79-m2-agreement-concession		simp
L7-1114	费劲	b79-m2-counterargument	b7-social-work	L7-0839	b79-m2-agreement-concession		simp
L7-1115	分辨	b79-m2-counterargument	b7-academic-logic	L7-0840	b79-m2-agreement-concession		simp
L7-1116	分寸	b79-m2-counterargument	b7-social-behavior	L7-0842	b79-m2-agreement-concession	polite	simp
L7-1117	分担	b79-m2-counterargument	b7-social-work	L7-0843	b79-m2-agreement-concession		simp
L7-1118	分割	b79-m2-counterargument					unmapped
L7-1119	分红	b79-m2-counterargument	b7-finance-business	L7-0845	b79-m2-agreement-concession		simp
L7-1120	分化	b79-m2-counterargument					unmapped
L7-1121	分泌	b79-m2-counterargument	b7-health-medical	L7-0850	b79-m2-agreement-concession		simp
L7-1122	分明	b79-m2-counterargument	b7-academic-logic	L7-0851	b79-m2-agreement-concession		simp
L7-1123	分歧	b79-m2-counterargument	b7-politics-society	L7-0853	b79-m2-agreement-concession		simp
L7-1124	分赃	b79-m2-counterargument					unmapped
L7-1125	分支	b79-m2-counterargument					unmapped
L7-1126	芬芳	b79-m2-counterargument					unmapped
L7-1127	吩咐	b79-m2-counterargument	b7-social-nuance	L7-0861	b79-m2-agreement-concession	polite	simp
L7-1128	氛围	b79-m2-counterargument					unmapped
L7-1129	坟	b79-m2-counterargument					unmapped
L7-1130	坟墓	b79-m2-counterargument	b7-culture-heritage	L7-0862	b79-m2-agreement-concession		simp
L7-1131	焚烧	b79-m2-counterargument					unmapped
L7-1132	粉	b79-m2-counterargument					unmapped
L7-1133	粉丝	b79-m2-counterargument					unmapped
L7-1134	粉碎	b79-m2-counterargument	b7-general-formal	L7-0864	b79-m2-agreement-concession		simp
L7-1135	分量	b79-m2-counterargument	b7-academic-logic	L7-0865	b79-m2-agreement-concession		simp
L7-1136	分外	b79-m2-counterargument	b7-general-formal	L7-0857	b79-m2-agreement-concession		simp
L7-1137	份额	b79-m2-counterargument					unmapped
L7-1138	奋力	b79-m2-counterargument					unmapped
L7-1139	奋勇	b79-m2-counterargument					unmapped
L7-1140	粪	b79-m2-counterargument					unmapped
L7-1141	粪便	b79-m2-counterargument					unmapped
L7-1143	丰厚	b79-m2-counterargument					unmapped
L7-1144	丰满	b79-m2-counterargument	b7-general-formal	L7-0867	b79-m2-agreement-concession		simp
L7-1145	丰盛	b79-m2-counterargument	b7-culture-food	L7-0868	b79-m2-agreement-concession		simp
L7-1146	丰硕	b79-m2-counterargument					unmapped
L7-1147	风波	b79-m2-counterargument					unmapped
L7-1148	风采	b79-m2-counterargument					unmapped
L7-1153	风浪	b79-m2-counterargument					unmapped
L7-1154	风力	b79-m2-counterargument					unmapped
L7-1155	风流	b79-m2-counterargument					unmapped
L7-1156	风貌	b79-m2-counterargument					unmapped
L7-1157	风气	b79-m2-counterargument	b7-social-culture	L7-0873	b79-m2-agreement-concession		simp
L7-1158	风情	b79-m2-counterargument					unmapped
L7-1159	风趣	b79-m2-counterargument	b7-social-behavior	L7-0874	b79-m2-agreement-concession		simp
L7-1160	风沙	b79-m2-counterargument					unmapped
L7-1161	风尚	b79-m2-counterargument					unmapped
L7-1162	风水	b79-m2-counterargument					unmapped
L7-1163	风味	b79-m2-counterargument	b7-culture-food	L7-0876	b79-m2-agreement-concession		simp
L7-1164	风雨	b79-m2-counterargument					unmapped
L7-1165	风云	b79-m2-counterargument					unmapped
L7-1166	风筝	b79-m2-counterargument					unmapped
L7-1167	封顶	b79-m2-counterargument					unmapped
L7-1168	封建	b79-m2-counterargument	b7-politics-society	L7-0878	b79-m2-agreement-concession		simp
L7-1169	封面	b79-m2-counterargument					unmapped
L7-1170	封锁	b79-m2-counterargument	b7-politics-military	L7-0879	b79-m2-agreement-concession		simp
L7-1171	疯子	b79-m2-counterargument					unmapped
L7-1173	蜂蜜	b79-m2-counterargument					unmapped
L7-1174	逢	b79-m2-counterargument	b7-general-formal	L7-0883	b79-m2-agreement-concession		simp
L7-1175	缝	b79-m2-counterargument					unmapped
L7-1176	缝合	b79-m2-counterargument					unmapped
L7-1177	讽刺	b79-m2-counterargument					unmapped
L7-1178	凤凰	b79-m2-counterargument					unmapped
L7-1179	缝	b79-m2-counterargument					unmapped
L7-1180	否决	b79-m2-counterargument	b7-politics-legal	L7-0886	b79-m2-agreement-concession		simp
L7-1181	孵化	b79-m2-counterargument					unmapped
L7-1182	敷	b79-m2-counterargument					unmapped
L7-1183	扶持	b79-m2-counterargument					unmapped
L7-1184	服饰	b79-m2-counterargument					unmapped
L7-1185	服务器	b79-m2-counterargument					unmapped
L7-1186	服用	b79-m2-counterargument					unmapped
L7-1187	俘获	b79-m2-counterargument					unmapped
L7-1188	俘虏	b79-m2-counterargument					unmapped
L7-1189	浮力	b79-m2-counterargument					unmapped
L7-1190	浮现	b79-m2-counterargument					unmapped
L7-1191	浮躁	b79-m2-counterargument					unmapped
L7-1192	辐射	b79-m2-counterargument	b7-tech-science	L7-0893	b79-m2-agreement-concession		simp
L7-1193	福气	b79-m2-counterargument					unmapped
L7-1194	抚摸	b79-m2-counterargument	b7-social-behavior	L7-0900	b79-m2-agreement-concession		simp
L7-1195	抚恤	b79-m2-counterargument					unmapped
L7-1197	抚养费	b79-m2-counterargument					unmapped
L7-1199	俯首	b79-m2-counterargument					unmapped
L7-1201	腐败	b79-m2-counterargument	b7-politics-society	L7-0896	b79-m2-agreement-concession		simp
L7-1202	腐化	b79-m2-counterargument	b7-politics-society	L7-0906	b79-m2-agreement-concession		simp
L7-1203	腐烂	b79-m2-counterargument	b7-tech-science	L7-0897	b79-m2-agreement-concession		simp
L7-1204	腐蚀	b79-m2-counterargument	b7-tech-science	L7-0898	b79-m2-agreement-concession		simp
L7-1206	付费	b79-m2-counterargument					unmapped
L7-1207	付款	b79-m2-counterargument					unmapped
L7-1208	负面	b79-m2-counterargument					unmapped
L7-1209	负有	b79-m2-counterargument					unmapped
L7-1210	附	b79-m2-counterargument					unmapped
L7-1211	附带	b79-m2-counterargument					unmapped
L7-1212	附和	b79-m2-counterargument					unmapped
L7-1213	附加	b79-m2-counterargument					unmapped
L7-1214	附属	b79-m2-counterargument	b7-finance-business	L7-0905	b79-m2-agreement-concession		simp
L7-1215	赴	b79-m2-counterargument					unmapped
L7-1216	复查	b79-m2-counterargument					unmapped
L7-1217	复发	b79-m2-counterargument					unmapped
L7-1219	复活	b79-m2-counterargument	b7-culture-heritage	L7-0909	b79-m2-agreement-concession		simp
L7-1220	复兴	b79-m2-counterargument	b7-politics-society	L7-0910	b79-m2-agreement-concession		simp
L7-1222	副作用	b79-m2-counterargument					unmapped
L7-1224	富含	b79-m2-counterargument					unmapped
L7-1225	富豪	b79-m2-counterargument					unmapped
L7-1226	富强	b79-m2-counterargument	b7-politics-society	L7-0915	b79-m2-agreement-concession		simp
L7-1227	富翁	b79-m2-counterargument					unmapped
L7-1228	富裕	b79-m2-counterargument	b7-finance-business	L7-0917	b79-m2-agreement-concession		simp
L7-1229	富足	b79-m2-counterargument					unmapped
L7-1230	腹部	b79-m2-counterargument	b7-health-medical	L7-0918	b79-m2-agreement-concession		simp
L7-1231	腹泻	b79-m2-counterargument					unmapped
L7-1232	覆盖	b79-m2-counterargument	b7-academic-logic	L7-0919	b79-m2-agreement-concession		simp
L7-1233	该	b79-m2-counterargument					unmapped
L7-1234	改版	b79-m2-counterargument	b7-culture-media	L7-0920	b79-m2-agreement-concession		simp
L7-1235	改编	b79-m2-counterargument					unmapped
L7-1236	改动	b79-m2-counterargument					unmapped
L7-1238	改良	b79-m2-counterargument	b7-tech-science	L7-0923	b79-m2-agreement-concession		simp
L7-1239	改名	b79-m2-counterargument					unmapped
L7-1240	改日	b79-m2-counterargument					unmapped
L7-1241	改为	b79-m2-counterargument					unmapped
L7-1243	钙	b79-m2-counterargument	b7-health-medical	L7-0926	b79-m2-agreement-concession		simp
L7-1244	盖子	b79-m2-counterargument					unmapped
L7-1245	概况	b79-m2-counterargument					unmapped
L7-1246	概率	b79-m2-counterargument	b7-academic-logic	L7-0929	b79-m2-agreement-concession		simp
L7-1248	干戈	b79-m2-counterargument					unmapped
L7-1249	干旱	b79-m2-counterargument	b7-nature-geography	L7-0935	b79-m2-agreement-concession		simp
L7-1250	干燥	b79-m2-counterargument					unmapped
L7-1251	甘心	b79-m2-counterargument	b7-social-emotions	L7-0936	b79-m2-agreement-concession		simp
L7-1252	肝脏	b79-m2-counterargument					unmapped
L7-1253	尴尬	b79-m2-counterargument	b7-social-nuance	L7-0937	b79-m2-agreement-concession		simp
L7-1254	赶赴	b79-m2-counterargument					unmapped
L7-1255	赶往	b79-m2-counterargument					unmapped
L7-1256	敢情	b79-m2-counterargument					unmapped
L7-1257	感	b79-m2-counterargument					unmapped
L7-1258	感触	b79-m2-counterargument					unmapped
L7-1259	感恩	b79-m2-counterargument					unmapped
L7-1260	感激	b79-m2-counterargument					unmapped
L7-1261	感慨	b79-m2-counterargument	b7-social-emotions	L7-0941	b79-m2-agreement-concession		simp
L7-1262	感染	b79-m2-counterargument	b7-health-medical	L7-0942	b79-m2-agreement-concession		simp
L7-1263	感染力	b79-m2-counterargument					unmapped
L7-1264	感叹	b79-m2-counterargument	b7-academic-work	L7-0943	b79-m2-agreement-concession		simp
L7-1266	干部	b79-m2-counterargument					unmapped
L7-1267	干事	b79-m2-counterargument					unmapped
L7-1268	刚毅	b79-m2-counterargument					unmapped
L7-1271	钢	b79-m2-counterargument					unmapped
L7-1272	缸	b79-m2-counterargument					unmapped
L7-1273	港	b79-m2-counterargument					unmapped
L7-1274	杠铃	b79-m2-counterargument					unmapped
L7-1275	高昂	b79-m2-counterargument					unmapped
L7-1276	高傲	b79-m2-counterargument					unmapped
L7-1277	高超	b79-m2-counterargument	b7-social-virtues	L7-0953	b79-m2	polite	simp
L7-1278	高低	b79-m2-counterargument					unmapped
L7-1279	高调	b79-m2-counterargument					unmapped
L7-1280	高额	b79-m2-counterargument					unmapped
L7-1282	高峰期	b79-m2-counterargument					unmapped
L7-1283	高贵	b79-m2-counterargument					unmapped
L7-1284	高空	b79-m2-counterargument					unmapped
L7-1285	高龄	b79-m2-counterargument					unmapped
L7-1286	高明	b79-m2-counterargument	b7-social-virtues	L7-0958	b79-m2	polite	simp
L7-1287	高山	b79-m2-counterargument					unmapped
L7-1288	高效	b79-m2-counterargument					unmapped
L7-1290	高血压	b79-m2-counterargument					unmapped
L7-1291	高压	b79-m2-counterargument	b7-tech-science	L7-0962	b79-m2		simp
L7-1292	高雅	b79-m2-counterargument					unmapped
L7-1293	高涨	b79-m2-counterargument					unmapped
L7-1294	搞鬼	b79-m2-counterargument					unmapped
L7-1295	搞笑	b79-m2-counterargument					unmapped
L7-1296	告	b79-m2-counterargument					unmapped
L7-1297	告辞	b79-m2-counterargument	b7-social-nuance	L7-0965	b79-m2	polite	simp
L7-1298	告诫	b79-m2-counterargument	b7-social-nuance	L7-0966	b79-m2		simp
L7-1299	告示	b79-m2-counterargument	b7-culture-media	L7-0967	b79-m2		simp
L7-1300	告知	b79-m2-counterargument					unmapped
L7-1302	戈壁	b79-m2-counterargument	b7-nature-geography	L7-0968	b79-m2		simp
L7-1303	胳膊	b79-m3-politics-policy					unmapped
L7-1305	搁	b79-m3-politics-policy					unmapped
L7-1306	搁浅	b79-m3-politics-policy					unmapped
L7-1307	搁置	b79-m3-politics-policy					unmapped
L7-1308	割	b79-m3-politics-policy					unmapped
L7-1309	歌剧	b79-m3-politics-policy					unmapped
L7-1310	歌颂	b79-m3-politics-policy					unmapped
L7-1311	歌舞	b79-m3-politics-policy					unmapped
L7-1312	歌咏	b79-m3-politics-policy					unmapped
L7-1316	格局	b79-m3-politics-policy					unmapped
L7-1317	格式	b79-m3-politics-policy					unmapped
L7-1318	隔阂	b79-m3-politics-policy					unmapped
L7-1319	隔离	b79-m3-politics-policy					unmapped
L7-1320	个案	b79-m3-politics-policy					unmapped
L7-1321	个头儿	b79-m3-politics-policy					unmapped
L7-1322	各奔前程	b79-m3-politics-policy					unmapped
L7-1324	根基	b79-m3-politics-policy					unmapped
L7-1326	根源	b79-m3-politics-policy	b7-academic-logic	L7-0975	b79-m2		simp
L7-1327	根治	b79-m3-politics-policy					unmapped
L7-1328	跟不上	b79-m3-politics-policy					unmapped
L7-1329	跟上	b79-m3-politics-policy					unmapped
L7-1330	跟踪	b79-m3-politics-policy					unmapped
L7-1331	更改	b79-m3-politics-policy	b7-general-formal	L7-0978	b79-m2		simp
L7-1332	更衣室	b79-m3-politics-policy					unmapped
L7-1333	耕地	b79-m3-politics-policy					unmapped
L7-1335	工地	b79-m3-politics-policy					unmapped
L7-1336	工会	b79-m3-politics-policy					unmapped
L7-1337	工科	b79-m3-politics-policy					unmapped
L7-1342	弓	b79-m3-politics-policy					unmapped
L7-1343	公安局	b79-m3-politics-policy					unmapped
L7-1344	公车	b79-m3-politics-policy					unmapped
L7-1345	公道	b79-m3-politics-policy	b7-social-virtues	L7-0982	b79-m2		simp
L7-1346	公费	b79-m3-politics-policy					unmapped
L7-1348	公关	b79-m3-politics-policy	b7-finance-business	L7-0984	b79-m2		simp
L7-1349	公函	b79-m3-politics-policy					unmapped
L7-1350	公积金	b79-m3-politics-policy					unmapped
L7-1351	公开信	b79-m3-politics-policy					unmapped
L7-1352	公款	b79-m3-politics-policy	b7-politics-finance	L7-0986	b79-m2		simp
L7-1353	公立	b79-m3-politics-policy					unmapped
L7-1354	公墓	b79-m3-politics-policy					unmapped
L7-1355	公仆	b79-m3-politics-policy					unmapped
L7-1356	公顷	b79-m3-politics-policy					unmapped
L7-1357	公然	b79-m3-politics-policy					unmapped
L7-1358	公示	b79-m3-politics-policy					unmapped
L7-1359	公事	b79-m3-politics-policy					unmapped
L7-1360	公务	b79-m3-politics-policy	b7-politics-society	L7-0991	b79-m2		simp
L7-1361	公益	b79-m3-politics-policy	b7-social-culture	L7-0993	b79-m2		simp
L7-1363	公用	b79-m3-politics-policy	b7-general-formal	L7-0994	b79-m2		simp
L7-1364	公寓	b79-m3-politics-policy					unmapped
L7-1365	公约	b79-m3-politics-policy	b7-politics-diplomacy	L7-0996	b79-m2		simp
L7-1366	公证	b79-m3-politics-policy	b7-politics-legal	L7-0997	b79-m2		simp
L7-1367	公职	b79-m3-politics-policy					unmapped
L7-1368	功	b79-m3-politics-policy					unmapped
L7-1369	功臣	b79-m3-politics-policy					unmapped
L7-1370	功底	b79-m3-politics-policy					unmapped
L7-1371	功劳	b79-m3-politics-policy	b7-social-work	L7-1000	b79-m2	polite	simp
L7-1372	功力	b79-m3-politics-policy					unmapped
L7-1373	功率	b79-m3-politics-policy	b7-tech-science	L7-0999	b79-m2		simp
L7-1374	功效	b79-m3-politics-policy	b7-health-medical	L7-1002	b79-m2		simp
L7-1375	攻	b79-m3-politics-policy					unmapped
L7-1376	攻读	b79-m3-politics-policy					unmapped
L7-1377	攻关	b79-m3-politics-policy					unmapped
L7-1378	供	b79-m3-politics-policy					unmapped
L7-1380	供暖	b79-m3-politics-policy					unmapped
L7-1381	供求	b79-m3-politics-policy	b7-finance-business	L7-1006	b79-m2		simp
L7-1382	宫殿	b79-m3-politics-policy	b7-culture-heritage	L7-1008	b79-m2		simp
L7-1383	宫廷	b79-m3-politics-policy					unmapped
L7-1385	恭喜	b79-m3-politics-policy	b7-social-nuance	L7-1010	b79-m2	polite	simp
L7-1386	拱	b79-m3-politics-policy					unmapped
L7-1387	共鸣	b79-m3-politics-policy	b7-social-emotions	L7-1014	b79-m2		simp
L7-1388	共识	b79-m3-politics-policy					unmapped
L7-1389	共同体	b79-m3-politics-policy					unmapped
L7-1390	共性	b79-m3-politics-policy					unmapped
L7-1391	供奉	b79-m3-politics-policy					unmapped
L7-1392	勾	b79-m3-politics-policy					unmapped
L7-1393	勾画	b79-m3-politics-policy					unmapped
L7-1394	勾结	b79-m3-politics-policy	b7-politics-society	L7-1017	b79-m2		simp
L7-1395	钩	b79-m3-politics-policy					unmapped
L7-1396	钩子	b79-m3-politics-policy	b7-general-formal	L7-1018	b79-m2		simp
L7-1399	购	b79-m3-politics-policy					unmapped
L7-1400	够呛	b79-m3-politics-policy					unmapped
L7-1401	估算	b79-m3-politics-policy					unmapped
L7-1403	孤单	b79-m3-politics-policy					unmapped
L7-1407	辜负	b79-m3-politics-policy	b7-social-emotions	L7-1030	b79-m2		simp
L7-1408	古董	b79-m3-politics-policy					unmapped
L7-1409	古怪	b79-m3-politics-policy	b7-social-behavior	L7-1034	b79-m2		simp
L7-1410	古迹	b79-m3-politics-policy					unmapped
L7-1412	古朴	b79-m3-politics-policy					unmapped
L7-1413	古人	b79-m3-politics-policy					unmapped
L7-1414	股份	b79-m3-politics-policy	b7-finance-business	L7-1041	b79-m2		simp
L7-1415	股民	b79-m3-politics-policy					unmapped
L7-1416	股市	b79-m3-politics-policy	b7-finance-business	L7-1042	b79-m2		simp
L7-1417	骨干	b79-m3-politics-policy	b7-social-work	L7-1043	b79-m2		simp
L7-1420	鼓动	b79-m3-politics-policy	b7-politics-society	L7-1038	b79-m2		simp
L7-1421	鼓舞	b79-m3-politics-policy	b7-social-emotions	L7-1039	b79-m2		simp
L7-1425	顾不得	b79-m3-politics-policy					unmapped
L7-1426	顾不上	b79-m3-politics-policy					unmapped
L7-1427	顾及	b79-m3-politics-policy	b7-social-nuance	L7-1055	b79-m2	polite	simp
L7-1428	顾虑	b79-m3-politics-policy					unmapped
L7-1430	雇	b79-m3-politics-policy					unmapped
L7-1431	雇佣	b79-m3-politics-policy	b7-finance-business	L7-1057	b79-m2		simp
L7-1432	雇员	b79-m3-politics-policy					unmapped
L7-1433	雇主	b79-m3-politics-policy					unmapped
L7-1434	瓜分	b79-m3-politics-policy	b7-politics-society	L7-1058	b79-m2		simp
L7-1435	瓜子	b79-m3-politics-policy					unmapped
L7-1436	刮风	b79-m3-politics-policy					unmapped
L7-1438	挂钩	b79-m3-politics-policy	b7-finance-business	L7-1059	b79-m2		simp
L7-1439	挂号	b79-m3-politics-policy					unmapped
L7-1440	挂念	b79-m3-politics-policy					unmapped
L7-1441	挂失	b79-m3-politics-policy					unmapped
L7-1442	乖	b79-m3-politics-policy	b7-social-behavior	L7-1060	b79-m2		simp
L7-1443	乖巧	b79-m3-politics-policy					unmapped
L7-1444	拐弯	b79-m3-politics-policy					unmapped
L7-1445	拐杖	b79-m3-politics-policy	b7-health-medical	L7-1061	b79-m2		simp
L7-1446	怪不得	b79-m3-politics-policy	b7-academic-logic	L7-1062	b79-m2		simp
L7-1447	怪物	b79-m3-politics-policy					unmapped
L7-1448	怪异	b79-m3-politics-policy					unmapped
L7-1449	关掉	b79-m3-politics-policy					unmapped
L7-1450	关节	b79-m3-politics-policy					unmapped
L7-1451	关税	b79-m3-politics-policy	b7-politics-finance	L7-1068	b79-m2		simp
L7-1452	关头	b79-m3-politics-policy					unmapped
L7-1454	观测	b79-m3-politics-policy	b7-tech-science	L7-1074	b79-m2		simp
L7-1455	观感	b79-m3-politics-policy					unmapped
L7-1457	观赏	b79-m3-politics-policy					unmapped
L7-1459	官兵	b79-m3-politics-policy	b7-politics-military	L7-1076	b79-m2		simp
L7-1460	官吏	b79-m3-politics-policy					unmapped
L7-1461	官僚	b79-m3-politics-policy	b7-politics-society	L7-1078	b79-m2		simp
L7-1463	官员	b79-m3-politics-policy	b7-politics-society	L7-1079	b79-m2		simp
L7-1465	管家	b79-m3-politics-policy					unmapped
L7-1466	管教	b79-m3-politics-policy					unmapped
L7-1467	管理费	b79-m3-politics-policy					unmapped
L7-1468	管辖	b79-m3-politics-policy	b7-politics-legal	L7-1080	b79-m2		simp
L7-1469	管用	b79-m3-politics-policy					unmapped
L7-1472	贯穿	b79-m3-politics-policy					unmapped
L7-1474	惯	b79-m3-politics-policy					unmapped
L7-1475	惯例	b79-m3-politics-policy	b7-academic-logic	L7-1081	b79-m2		simp
L7-1477	灌	b79-m3-politics-policy					unmapped
L7-1478	灌溉	b79-m3-politics-policy	b7-tech-infrastructure	L7-1082	b79-m2		simp
L7-1480	罐	b79-m3-politics-policy					unmapped
L7-1481	罐头	b79-m3-politics-policy	b7-general-formal	L7-1083	b79-m2		simp
L7-1484	光顾	b79-m3-politics-policy					unmapped
L7-1485	光滑	b79-m3-politics-policy					unmapped
L7-1486	光环	b79-m3-politics-policy					unmapped
L7-1487	光缆	b79-m3-politics-policy					unmapped
L7-1488	光芒	b79-m3-politics-policy	b7-nature-geography	L7-1086	b79-m2		simp
L7-1490	光泽	b79-m3-politics-policy	b7-general-formal	L7-1089	b79-m2		simp
L7-1491	广义	b79-m3-politics-policy					unmapped
L7-1493	归还	b79-m3-politics-policy	b7-social-nuance	L7-1101	b79-m2	polite	simp
L7-1494	归结	b79-m3-politics-policy	b7-academic-logic	L7-1102	b79-m2		simp
L7-1495	归来	b79-m3-politics-policy					unmapped
L7-1496	归纳	b79-m3-politics-policy	b7-academic-logic	L7-1104	b79-m2		simp
L7-1497	归属	b79-m3-politics-policy					unmapped
L7-1499	龟	b79-m3-politics-policy					unmapped
L7-1500	规格	b79-m3-politics-policy	b7-tech-science	L7-1095	b79-m2		simp
L7-1503	瑰宝	b79-m3-politics-policy					unmapped
L7-1506	贵宾	b79-m3-politics-policy	b7-social-nuance	L7-1109	b79-m2	polite	simp
L7-1507	贵重	b79-m3-politics-policy					unmapped
L7-1509	桂花	b79-m3-politics-policy					unmapped
L7-1510	滚动	b79-m3-politics-policy					unmapped
L7-1511	棍	b79-m3-politics-policy					unmapped
L7-1512	棍子	b79-m3-politics-policy	b7-general-formal	L7-1113	b79-m2		simp
L7-1513	国宝	b79-m3-politics-policy					unmapped
L7-1514	国防	b79-m3-politics-policy	b7-politics-military	L7-1116	b79-m2		simp
L7-1515	国画	b79-m3-politics-policy					unmapped
L7-1516	国徽	b79-m3-politics-policy	b7-politics-society	L7-1117	b79-m2		simp
L7-1517	国情	b79-m3-politics-policy	b7-politics-society	L7-1123	b79-m2		simp
L7-1518	国土	b79-m3-politics-policy					unmapped
L7-1521	果断	b79-m3-economy-finance	b7-social-behavior	L7-1129	b79-m2		simp
L7-1524	裹	b79-m3-economy-finance					unmapped
L7-1525	过半	b79-m3-economy-finance					unmapped
L7-1526	过不去	b79-m3-economy-finance					unmapped
L7-1527	过错	b79-m3-economy-finance					unmapped
L7-1528	过道	b79-m3-economy-finance					unmapped
L7-1529	过关	b79-m3-economy-finance					unmapped
L7-1530	过奖	b79-m3-economy-finance	b7-social-nuance	L7-1135	b79-m2	polite	simp
L7-1531	过节	b79-m3-economy-finance					unmapped
L7-1532	过境	b79-m3-economy-finance					unmapped
L7-1533	过滤	b79-m3-economy-finance	b7-tech-science	L7-1134	b79-m2		simp
L7-1534	过期	b79-m3-economy-finance					unmapped
L7-1536	过剩	b79-m3-economy-finance					unmapped
L7-1542	过硬	b79-m3-economy-finance					unmapped
L7-1543	过早	b79-m3-economy-finance					unmapped
L7-1544	海岸	b79-m3-economy-finance					unmapped
L7-1545	海拔	b79-m3-economy-finance	b7-nature-geography	L7-1142	b79-m2		simp
L7-1546	海滨	b79-m3-economy-finance	b7-nature-geography	L7-1143	b79-m2		simp
L7-1547	海盗	b79-m3-economy-finance					unmapped
L7-1548	海量	b79-m3-economy-finance					unmapped
L7-1550	海面	b79-m3-economy-finance	b7-nature-geography	L7-1149	b79-m2		simp
L7-1551	海内外	b79-m3-economy-finance	b7-politics-society	L7-1150	b79-m2		simp
L7-1552	海滩	b79-m3-economy-finance					unmapped
L7-1553	海峡	b79-m3-economy-finance					unmapped
L7-1554	海啸	b79-m3-economy-finance					unmapped
L7-1556	海运	b79-m3-economy-finance	b7-tech-transport	L7-1153	b79-m2		simp
L7-1559	害虫	b79-m3-economy-finance					unmapped
L7-1560	害臊	b79-m3-economy-finance					unmapped
L7-1561	害羞	b79-m3-economy-finance	b7-social-emotions	L7-1155	b79-m2		simp
L7-1564	含糊	b79-m3-economy-finance	b7-academic-logic	L7-1157	b79-m2		simp
L7-1567	涵盖	b79-m3-economy-finance					unmapped
L7-1570	汗水	b79-m3-economy-finance					unmapped
L7-1571	旱	b79-m3-economy-finance					unmapped
L7-1572	旱灾	b79-m3-economy-finance					unmapped
L7-1574	焊	b79-m3-economy-finance					unmapped
L7-1575	行家	b79-m3-economy-finance					unmapped
L7-1576	行列	b79-m3-economy-finance	b7-general-formal	L7-1161	b79-m2		simp
L7-1577	行情	b79-m3-economy-finance					unmapped
L7-1578	航海	b79-m3-economy-finance	b7-tech-transport	L7-1163	b79-m2		simp
L7-1581	航行	b79-m3-economy-finance	b7-tech-transport	L7-1164	b79-m2		simp
L7-1583	毫不	b79-m3-economy-finance					unmapped
L7-1587	好比	b79-m3-economy-finance					unmapped
L7-1589	好感	b79-m3-economy-finance	b7-social-emotions	L7-1170	b79-m2		simp
L7-1590	好坏	b79-m3-economy-finance					unmapped
L7-1591	好家伙	b79-m3-economy-finance					unmapped
L7-1592	好评	b79-m3-economy-finance	b7-culture-media	L7-1172	b79-m2		simp
L7-1593	好说	b79-m3-economy-finance					unmapped
L7-1594	好笑	b79-m3-economy-finance					unmapped
L7-1595	好心	b79-m3-economy-finance					unmapped
L7-1596	好心人	b79-m3-economy-finance					unmapped
L7-1597	好意	b79-m3-economy-finance					unmapped
L7-1598	好在	b79-m3-economy-finance					unmapped
L7-1599	号称	b79-m3-economy-finance					unmapped
L7-1602	耗	b79-m3-economy-finance	b7-general-formal	L7-1174	b79-m2		simp
L7-1603	耗费	b79-m3-economy-finance	b7-finance-business	L7-1175	b79-m2		simp
L7-1604	耗时	b79-m3-economy-finance					unmapped
L7-1608	合唱	b79-m3-economy-finance					unmapped
L7-1609	合乎	b79-m3-economy-finance					unmapped
L7-1610	合伙	b79-m3-economy-finance					unmapped
L7-1611	合计	b79-m3-economy-finance					unmapped
L7-1613	合影	b79-m3-economy-finance	b7-social-culture	L7-1196	b79-m2	polite	simp
L7-1614	合资	b79-m3-economy-finance	b7-finance-business	L7-1197	b79-m2		simp
L7-1616	何必	b79-m3-economy-finance	b7-academic-logic	L7-1198	b79-m2		simp
L7-1617	何处	b79-m3-economy-finance					unmapped
L7-1618	何苦	b79-m3-economy-finance					unmapped
L7-1622	和解	b79-m3-economy-finance	b7-politics-diplomacy	L7-1183	b79-m2	polite	simp
L7-1623	和睦	b79-m3-economy-finance	b7-social-culture	L7-1184	b79-m2	polite	simp
L7-1625	和气	b79-m3-economy-finance					unmapped
L7-1626	和尚	b79-m3-economy-finance					unmapped
L7-1627	河流	b79-m3-economy-finance					unmapped
L7-1629	荷花	b79-m3-economy-finance					unmapped
L7-1631	核电站	b79-m3-economy-finance					unmapped
L7-1632	核对	b79-m3-economy-finance	b7-academic-work	L7-1204	b79-m2	polite	simp
L7-1633	核能	b79-m3-economy-finance	b7-tech-science	L7-1205	b79-m2		simp
L7-1634	核实	b79-m3-economy-finance					unmapped
L7-1635	核桃	b79-m3-economy-finance					unmapped
L7-1637	贺电	b79-m3-economy-finance					unmapped
L7-1639	喝彩	b79-m3-economy-finance					unmapped
L7-1642	黑白	b79-m3-economy-finance					unmapped
L7-1643	黑客	b79-m3-economy-finance					unmapped
L7-1644	黑马	b79-m3-economy-finance					unmapped
L7-1647	嘿	b79-m3-economy-finance	b7-social-interjections	L7-1210	b79-m2		simp
L7-1649	恨不得	b79-m3-economy-finance					unmapped
L7-1650	哼	b79-m3-economy-finance	b7-social-interjections	L7-1215	b79-m2		simp
L7-1654	轰	b79-m3-economy-finance	b7-politics-military	L7-1219	b79-m2		simp
L7-1655	轰动	b79-m3-economy-finance	b7-culture-media	L7-1220	b79-m2		simp
L7-1656	轰炸	b79-m3-economy-finance					unmapped
L7-1659	烘干	b79-m3-economy-finance					unmapped
L7-1662	红灯	b79-m3-economy-finance					unmapped
L7-1663	红火	b79-m3-economy-finance	b7-finance-business	L7-1223	b79-m2		simp
L7-1666	红薯	b79-m3-economy-finance					unmapped
L7-1674	吼	b79-m3-economy-finance	b7-social-behavior	L7-1230	b79-m2		simp
L7-1675	后备	b79-m3-economy-finance					unmapped
L7-1677	后代	b79-m3-economy-finance					unmapped
L7-1680	后期	b79-m3-economy-finance					unmapped
L7-1681	后勤	b79-m3-economy-finance					unmapped
L7-1682	后人	b79-m3-economy-finance					unmapped
L7-1684	后退	b79-m3-economy-finance					unmapped
L7-1687	后裔	b79-m3-economy-finance					unmapped
L7-1689	厚道	b79-m3-economy-finance					unmapped
L7-1690	厚度	b79-m3-economy-finance					unmapped
L7-1694	呼救	b79-m3-economy-finance					unmapped
L7-1703	湖泊	b79-m3-economy-finance	b7-nature-geography	L7-1241	b79-m2		simp
L7-1706	互补	b79-m3-economy-finance	b7-academic-logic	L7-1246	b79-m2		simp
L7-1710	护理	b79-m3-economy-finance					unmapped
L7-1711	花瓣	b79-m3-economy-finance	b7-nature-flora	L7-1253	b79-m2		simp
L7-1712	花卉	b79-m3-economy-finance					unmapped
L7-1713	花纹	b79-m3-economy-finance	b7-culture-arts	L7-1256	b79-m2		simp
L7-1719	哗变	b79-m3-economy-finance					unmapped
L7-1721	滑冰	b79-m3-economy-finance					unmapped
L7-1724	滑雪	b79-m3-economy-finance					unmapped
L7-1725	化肥	b79-m3-economy-finance	b7-tech-science	L7-1265	b79-m2		simp
L7-1727	化纤	b79-m3-economy-finance					unmapped
L7-1730	化妆	b79-m3-economy-finance					unmapped
L7-1731	划时代	b79-m3-economy-finance					unmapped
L7-1732	画册	b79-m3-economy-finance					unmapped
L7-1736	话费	b79-m3-economy-finance					unmapped
L7-1739	怀抱	b79-m3-tech-innovation					unmapped
L7-1740	怀旧	b79-m3-tech-innovation					unmapped
L7-1741	怀里	b79-m3-tech-innovation					unmapped
L7-1745	坏事	b79-m3-tech-innovation	b7-social-nuance	L7-1271	b79-m2		simp
L7-1748	欢快	b79-m3-tech-innovation					unmapped
L7-1750	还款	b79-m3-tech-innovation					unmapped
L7-1751	还原	b79-m3-tech-innovation					unmapped
L7-1752	环球	b79-m3-tech-innovation	b7-politics-society	L7-1276	b79-m2		simp
L7-1753	环绕	b79-m3-tech-innovation	b7-nature-geography	L7-1277	b79-m2		simp
L7-1755	缓和	b79-m3-tech-innovation	b7-politics-diplomacy	L7-1278	b79-m2	polite	simp
L7-1756	缓缓	b79-m3-tech-innovation					unmapped
L7-1757	缓慢	b79-m3-tech-innovation	b7-general-formal	L7-1279	b79-m2		simp
L7-1758	幻觉	b79-m3-tech-innovation					unmapped
L7-1760	换成	b79-m3-tech-innovation					unmapped
L7-1761	换取	b79-m3-tech-innovation					unmapped
L7-1762	换位	b79-m3-tech-innovation					unmapped
L7-1763	换言之	b79-m3-tech-innovation					unmapped
L7-1765	患	b79-m3-tech-innovation					unmapped
L7-1766	患病	b79-m3-tech-innovation					unmapped
L7-1767	患有	b79-m3-tech-innovation					unmapped
L7-1768	焕发	b79-m3-tech-innovation					unmapped
L7-1769	荒	b79-m3-tech-innovation					unmapped
L7-1771	荒凉	b79-m3-tech-innovation	b7-nature-geography	L7-1287	b79-m2		simp
L7-1772	荒谬	b79-m3-tech-innovation	b7-academic-logic	L7-1288	b79-m2		simp
L7-1773	慌乱	b79-m3-tech-innovation					unmapped
L7-1774	慌张	b79-m3-tech-innovation	b7-social-emotions	L7-1291	b79-m2		simp
L7-1775	皇宫	b79-m3-tech-innovation					unmapped
L7-1776	皇后	b79-m3-tech-innovation					unmapped
L7-1779	黄昏	b79-m3-tech-innovation	b7-nature-geography	L7-1292	b79-m2		simp
L7-1781	晃	b79-m3-tech-innovation	b7-general-formal	L7-1294	b79-m2		simp
L7-1782	谎话	b79-m3-tech-innovation					unmapped
L7-1784	晃	b79-m3-tech-innovation	b7-general-formal	L7-1294	b79-m2		simp
L7-1785	晃荡	b79-m3-tech-innovation					unmapped
L7-1786	灰	b79-m3-tech-innovation					unmapped
L7-1787	灰尘	b79-m3-tech-innovation					unmapped
L7-1788	灰心	b79-m3-tech-innovation					unmapped
L7-1789	挥	b79-m3-tech-innovation					unmapped
L7-1791	回归	b79-m3-tech-innovation					unmapped
L7-1792	回扣	b79-m3-tech-innovation					unmapped
L7-1793	回馈	b79-m3-tech-innovation					unmapped
L7-1794	回落	b79-m3-tech-innovation					unmapped
L7-1795	回升	b79-m3-tech-innovation					unmapped
L7-1796	回首	b79-m3-tech-innovation					unmapped
L7-1797	回味	b79-m3-tech-innovation					unmapped
L7-1798	回想	b79-m3-tech-innovation					unmapped
L7-1799	回忆录	b79-m3-tech-innovation					unmapped
L7-1800	悔恨	b79-m3-tech-innovation	b7-social-emotions	L7-1310	b79-m2		simp
L7-1801	毁坏	b79-m3-tech-innovation					unmapped
L7-1802	毁灭	b79-m3-tech-innovation	b7-politics-society	L7-1311	b79-m2		simp
L7-1803	汇合	b79-m3-tech-innovation	b7-nature-geography	L7-1321	b79-m2		simp
L7-1804	汇集	b79-m3-tech-innovation	b7-academic-logic	L7-1324	b79-m2		simp
L7-1805	汇聚	b79-m3-tech-innovation					unmapped
L7-1806	会场	b79-m3-tech-innovation					unmapped
L7-1807	会面	b79-m3-tech-innovation	b7-social-nuance	L7-1316	b79-m2	polite	simp
L7-1808	会晤	b79-m3-tech-innovation	b7-politics-diplomacy	L7-1318	b79-m2	polite	simp
L7-1810	会诊	b79-m3-tech-innovation					unmapped
L7-1817	魂	b79-m3-tech-innovation					unmapped
L7-1821	豁	b79-m3-tech-innovation					unmapped
L7-1822	豁出去	b79-m3-tech-innovation					unmapped
L7-1823	活该	b79-m3-tech-innovation					unmapped
L7-1824	活期	b79-m3-tech-innovation					unmapped
L7-1825	活儿	b79-m3-tech-innovation					unmapped
L7-1826	火暴	b79-m3-tech-innovation					unmapped
L7-1827	火锅	b79-m3-tech-innovation					unmapped
L7-1829	火花	b79-m3-tech-innovation					unmapped
L7-1830	火炬	b79-m3-tech-innovation					unmapped
L7-1833	火山	b79-m3-tech-innovation					unmapped
L7-1834	火速	b79-m3-tech-innovation					unmapped
L7-1835	火焰	b79-m3-tech-innovation					unmapped
L7-1836	火药	b79-m3-tech-innovation	b7-tech-science	L7-1347	b79-m2		simp
L7-1837	伙食	b79-m3-tech-innovation					unmapped
L7-1840	货车	b79-m3-tech-innovation					unmapped
L7-1843	获胜	b79-m3-tech-innovation					unmapped
L7-1844	获悉	b79-m3-tech-innovation					unmapped
L7-1846	霍乱	b79-m3-tech-innovation					unmapped
L7-1848	几率	b79-m3-tech-innovation					unmapped
L7-1850	饥饿	b79-m3-tech-innovation					unmapped
L7-1851	机舱	b79-m3-tech-innovation					unmapped
L7-1852	机动	b79-m3-tech-innovation					unmapped
L7-1857	积	b79-m3-tech-innovation					unmapped
L7-1858	积淀	b79-m3-tech-innovation					unmapped
L7-1859	积蓄	b79-m3-tech-innovation					unmapped
L7-1860	基本功	b79-m3-tech-innovation					unmapped
L7-1861	基层	b79-m3-tech-innovation					unmapped
L7-1866	激发	b79-m3-tech-innovation					unmapped
L7-1867	激光	b79-m3-tech-innovation					unmapped
L7-1868	激化	b79-m3-tech-innovation					unmapped
L7-1869	激活	b79-m3-tech-innovation					unmapped
L7-1873	及	b79-m3-tech-innovation					unmapped
L7-1874	及其	b79-m3-tech-innovation					unmapped
L7-1875	及早	b79-m3-tech-innovation					unmapped
L7-1879	级别	b79-m3-tech-innovation	b7-politics-society	L7-1362	b79-m2		simp
L7-1880	极度	b79-m3-tech-innovation					unmapped
L7-1881	极力	b79-m3-tech-innovation					unmapped
L7-1882	极少数	b79-m3-tech-innovation					unmapped
L7-1883	极为	b79-m3-tech-innovation					unmapped
L7-1884	极限	b79-m3-tech-innovation	b7-academic-logic	L7-1353	b79-m2		simp
L7-1886	即便	b79-m3-tech-innovation					unmapped
L7-1887	即可	b79-m3-tech-innovation					unmapped
L7-1888	急剧	b79-m3-tech-innovation	b7-academic-logic	L7-1357	b79-m2		simp
L7-1890	急性	b79-m3-tech-innovation					unmapped
L7-1891	急需	b79-m3-tech-innovation					unmapped
L7-1892	急于	b79-m3-tech-innovation	b7-social-emotions	L7-1360	b79-m2		simp
L7-1893	急诊	b79-m3-tech-innovation					unmapped
L7-1896	集会	b79-m3-tech-innovation					unmapped
L7-1897	集结	b79-m3-tech-innovation	b7-politics-military	L7-1365	b79-m2		simp
L7-1898	集邮	b79-m3-tech-innovation					unmapped
L7-1900	集资	b79-m3-tech-innovation	b7-finance-business	L7-1371	b79-m2		simp
L7-1905	计策	b79-m3-tech-innovation					unmapped
L7-1906	计较	b79-m3-tech-innovation					unmapped
L7-1907	计时	b79-m3-tech-innovation					unmapped
L7-1908	记号	b79-m3-tech-innovation					unmapped
L7-1911	纪念碑	b79-m3-tech-innovation	b7-culture-heritage	L7-1381	b79-m2		simp
L7-1916	忌	b79-m3-tech-innovation					unmapped
L7-1917	忌讳	b79-m3-tech-innovation	b7-social-culture	L7-1385	b79-m2		simp
L7-1918	忌口	b79-m3-tech-innovation					unmapped
L7-1919	剂	b79-m3-tech-innovation					unmapped
L7-1921	继	b79-m3-tech-innovation					unmapped
L7-1922	继而	b79-m3-tech-innovation					unmapped
L7-1923	继父	b79-m3-tech-innovation					unmapped
L7-1924	继母	b79-m3-tech-innovation					unmapped
L7-1925	祭	b79-m3-tech-innovation					unmapped
L7-1926	祭奠	b79-m3-tech-innovation					unmapped
L7-1927	祭祀	b79-m3-tech-innovation	b7-culture-heritage	L7-1388	b79-m2		simp
L7-1928	寄托	b79-m3-tech-innovation	b7-social-emotions	L7-1390	b79-m2		simp
L7-1929	寂静	b79-m3-tech-innovation	b7-nature-geography	L7-1386	b79-m2		simp
L7-1931	加紧	b79-m3-tech-innovation					unmapped
L7-1932	加剧	b79-m3-tech-innovation	b7-academic-logic	L7-1392	b79-m2		simp
L7-1933	加深	b79-m3-tech-innovation					unmapped
L7-1934	加重	b79-m3-tech-innovation					unmapped
L7-1936	家伙	b79-m3-tech-innovation	b7-social-nuance	L7-1401	b79-m2		simp
L7-1938	家教	b79-m3-tech-innovation	b7-academic-work	L7-1402	b79-m2		simp
L7-1943	家政	b79-m3-tech-innovation					unmapped
L7-1946	假定	b79-m3-tech-innovation					unmapped
L7-1947	假冒	b79-m3-tech-innovation					unmapped
L7-1951	价位	b79-m3-tech-innovation					unmapped
L7-1954	驾车	b79-m4-meetings-discussion					unmapped
L7-1958	嫁	b79-m4-meetings-discussion					unmapped
L7-1959	嫁妆	b79-m4-meetings-discussion					unmapped
L7-1960	尖端	b79-m4-meetings-discussion					unmapped
L7-1970	肩膀	b79-m4-meetings-discussion					unmapped
L7-1971	肩负	b79-m4-meetings-discussion					unmapped
L7-1978	监护	b79-m4-meetings-discussion					unmapped
L7-1982	兼	b79-m4-meetings-discussion					unmapped
L7-1983	兼顾	b79-m4-meetings-discussion					unmapped
L7-1984	兼任	b79-m4-meetings-discussion	b7-social-work	L7-1430	b79-m2		simp
L7-1985	兼容	b79-m4-meetings-discussion	b7-tech-science	L7-1429	b79-m2		simp
L7-1987	煎	b79-m4-meetings-discussion	b7-culture-food	L7-1436	b79-m2		simp
L7-1988	拣	b79-m4-meetings-discussion	b7-general-formal	L7-1438	b79-m2		simp
L7-1991	减免	b79-m4-meetings-discussion					unmapped
L7-1992	减弱	b79-m4-meetings-discussion	b7-academic-logic	L7-1449	b79-m2		simp
L7-1993	减速	b79-m4-meetings-discussion	b7-tech-transport	L7-1451	b79-m2		simp
L7-1995	简称	b79-m4-meetings-discussion					unmapped
L7-1996	简短	b79-m4-meetings-discussion					unmapped
L7-1997	简化	b79-m4-meetings-discussion					unmapped
L7-2003	见解	b79-m4-meetings-discussion	b7-academic-logic	L7-1455	b79-m2		simp
L7-2007	见外	b79-m4-meetings-discussion					unmapped
L7-2008	见效	b79-m4-meetings-discussion					unmapped
L7-2012	间断	b79-m4-meetings-discussion					unmapped
L7-2013	间隔	b79-m4-meetings-discussion	b7-academic-logic	L7-1460	b79-m2		simp
L7-2015	建交	b79-m4-meetings-discussion					unmapped
L7-2019	贱	b79-m4-meetings-discussion	b7-finance-business	L7-1476	b79-m2		simp
L7-2022	溅	b79-m4-meetings-discussion					unmapped
L7-2023	鉴别	b79-m4-meetings-discussion	b7-academic-logic	L7-1473	b79-m2		simp
L7-2026	姜	b79-m4-meetings-discussion					unmapped
L7-2027	僵	b79-m4-meetings-discussion					unmapped
L7-2028	僵化	b79-m4-meetings-discussion					unmapped
L7-2029	僵局	b79-m4-meetings-discussion					unmapped
L7-2030	讲解	b79-m4-meetings-discussion					unmapped
L7-2031	讲述	b79-m4-meetings-discussion					unmapped
L7-2032	讲学	b79-m4-meetings-discussion					unmapped
L7-2033	奖杯	b79-m4-meetings-discussion	b7-culture-social	L7-1481	b79-m2		simp
L7-2034	奖牌	b79-m4-meetings-discussion					unmapped
L7-2035	奖品	b79-m4-meetings-discussion					unmapped
L7-2037	降临	b79-m4-meetings-discussion	b7-general-formal	L7-1487	b79-m2		simp
L7-2038	交叉	b79-m4-meetings-discussion					unmapped
L7-2040	交付	b79-m4-meetings-discussion	b7-finance-business	L7-1492	b79-m2		simp
L7-2041	交集	b79-m4-meetings-discussion					unmapped
L7-2042	交接	b79-m4-meetings-discussion					unmapped
L7-2043	交界	b79-m4-meetings-discussion					unmapped
L7-2044	交纳	b79-m4-meetings-discussion					unmapped
L7-2047	交谈	b79-m4-meetings-discussion					unmapped
L7-2048	交替	b79-m4-meetings-discussion					unmapped
L7-2053	浇	b79-m4-meetings-discussion					unmapped
L7-2059	焦急	b79-m4-meetings-discussion	b7-social-emotions	L7-1504	b79-m2		simp
L7-2060	焦距	b79-m4-meetings-discussion					unmapped
L7-2064	嚼	b79-m4-meetings-discussion					unmapped
L7-2065	角落	b79-m4-meetings-discussion	b7-general-formal	L7-1511	b79-m2		simp
L7-2069	搅	b79-m4-meetings-discussion					unmapped
L7-2070	搅拌	b79-m4-meetings-discussion	b7-tech-science	L7-1512	b79-m2		simp
L7-2071	缴	b79-m4-meetings-discussion					unmapped
L7-2072	缴费	b79-m4-meetings-discussion					unmapped
L7-2073	缴纳	b79-m4-meetings-discussion	b7-finance-business	L7-1513	b79-m2	polite	simp
L7-2074	叫板	b79-m4-meetings-discussion					unmapped
L7-2075	叫好	b79-m4-meetings-discussion	b7-culture-arts	L7-1518	b79-m2		simp
L7-2076	轿车	b79-m4-meetings-discussion					unmapped
L7-2078	较量	b79-m4-meetings-discussion	b7-politics-military	L7-1520	b79-m2		simp
L7-2085	皆	b79-m4-meetings-discussion					unmapped
L7-2088	接班	b79-m4-meetings-discussion					unmapped
L7-2089	接班人	b79-m4-meetings-discussion					unmapped
L7-2092	接济	b79-m4-meetings-discussion					unmapped
L7-2093	接见	b79-m4-meetings-discussion					unmapped
L7-2094	接力	b79-m4-meetings-discussion					unmapped
L7-2095	接纳	b79-m4-meetings-discussion					unmapped
L7-2096	接手	b79-m4-meetings-discussion					unmapped
L7-2097	接送	b79-m4-meetings-discussion					unmapped
L7-2099	接听	b79-m4-meetings-discussion					unmapped
L7-2101	揭发	b79-m4-meetings-discussion	b7-politics-legal	L7-1543	b79-m2		simp
L7-2102	揭露	b79-m4-meetings-discussion	b7-politics-society	L7-1544	b79-m2		simp
L7-2106	节气	b79-m4-meetings-discussion					unmapped
L7-2107	节水	b79-m4-meetings-discussion					unmapped
L7-2109	劫	b79-m4-meetings-discussion					unmapped
L7-2110	劫持	b79-m4-meetings-discussion					unmapped
L7-2112	结冰	b79-m4-meetings-discussion					unmapped
L7-2114	结局	b79-m4-meetings-discussion	b7-culture-media	L7-1525	b79-m2		simp
L7-2115	结识	b79-m4-meetings-discussion					unmapped
L7-2121	解答	b79-m4-meetings-discussion					unmapped
L7-2122	解读	b79-m4-meetings-discussion					unmapped
L7-2123	解雇	b79-m4-meetings-discussion	b7-finance-business	L7-1550	b79-m2		simp
L7-2124	解救	b79-m4-meetings-discussion					unmapped
L7-2126	解散	b79-m4-meetings-discussion	b7-politics-society	L7-1553	b79-m2		simp
L7-2138	界定	b79-m4-meetings-discussion					unmapped
L7-2141	借口	b79-m4-meetings-discussion					unmapped
L7-2152	仅次于	b79-m4-meetings-discussion					unmapped
L7-2155	紧凑	b79-m4-meetings-discussion	b7-academic-logic	L7-1564	b79-m2		simp
L7-2162	尽情	b79-m4-meetings-discussion					unmapped
L7-2164	进场	b79-m4-meetings-discussion					unmapped
L7-2166	进出	b79-m4-meetings-discussion					unmapped
L7-2167	进出口	b79-m4-meetings-discussion					unmapped
L7-2168	进度	b79-m4-meetings-discussion					unmapped
L7-2169	进而	b79-m4-meetings-discussion					unmapped
L7-2171	近年来	b79-m4-negotiation					unmapped
L7-2177	茎	b79-m4-negotiation					unmapped
L7-2179	经度	b79-m4-negotiation					unmapped
L7-2185	惊	b79-m4-negotiation					unmapped
L7-2187	惊慌	b79-m4-negotiation					unmapped
L7-2201	精练	b79-m4-negotiation					unmapped
L7-2202	精妙	b79-m4-negotiation					unmapped
L7-2214	颈部	b79-m4-negotiation					unmapped
L7-2217	警车	b79-m4-negotiation					unmapped
L7-2221	净化	b79-m4-negotiation					unmapped
L7-2225	竟	b79-m4-negotiation					unmapped
L7-2226	竟敢	b79-m4-negotiation					unmapped
L7-2227	敬	b79-m4-negotiation					unmapped
L7-2228	敬爱	b79-m4-negotiation					unmapped
L7-2230	敬酒	b79-m4-negotiation					unmapped
L7-2231	敬礼	b79-m4-negotiation	b7-politics-military	L7-1585	b79-m2	polite	simp
L7-2233	敬请	b79-m4-negotiation					unmapped
L7-2236	敬重	b79-m4-negotiation					unmapped
L7-2238	境地	b79-m4-negotiation					unmapped
L7-2244	纠缠	b79-m4-negotiation					unmapped
L7-2245	揪	b79-m4-negotiation					unmapped
L7-2248	酒精	b79-m4-negotiation					unmapped
L7-2249	酒楼	b79-m4-negotiation					unmapped
L7-2250	救护车	b79-m4-negotiation					unmapped
L7-2253	就餐	b79-m4-negotiation					unmapped
L7-2254	就地	b79-m4-negotiation					unmapped
L7-2255	就读	b79-m4-negotiation					unmapped
L7-2256	就近	b79-m4-negotiation					unmapped
L7-2268	局部	b79-m4-negotiation	b7-academic-logic	L7-1596	b79-m2		simp
L7-2274	举报	b79-m4-negotiation					unmapped
L7-2282	举重	b79-m4-negotiation					unmapped
L7-2294	据此	b79-m4-negotiation					unmapped
L7-2296	距	b79-m4-negotiation					unmapped
L7-2297	锯	b79-m4-negotiation					unmapped
L7-2298	聚集	b79-m4-negotiation					unmapped
L7-2305	诀别	b79-m4-negotiation					unmapped
L7-2324	卡车	b79-m4-negotiation					unmapped
L7-2327	开办	b79-m4-negotiation					unmapped
L7-2328	开采	b79-m4-negotiation					unmapped
L7-2329	开场	b79-m4-negotiation					unmapped
L7-2330	开场白	b79-m4-negotiation					unmapped
L7-2331	开除	b79-m4-negotiation					unmapped
L7-2332	开动	b79-m4-negotiation					unmapped
L7-2337	开口	b79-m4-negotiation					unmapped
L7-2350	刊登	b79-m4-negotiation	b7-culture-media	L7-1625	b79-m2		simp
L7-2354	堪称	b79-m4-negotiation	b7-academic-logic	L7-1626	b79-m2	polite	simp
L7-2357	看得出	b79-m4-negotiation					unmapped
L7-2370	考量	b79-m4-negotiation					unmapped
L7-2371	烤	b79-m4-negotiation					unmapped
L7-2377	磕	b79-m4-negotiation					unmapped
L7-2386	可贵	b79-m4-negotiation					unmapped
L7-2387	可口	b79-m4-negotiation					unmapped
L7-2389	可恶	b79-m4-formal-writing					unmapped
L7-2393	可行	b79-m4-formal-writing					unmapped
L7-2397	刻苦	b79-m4-formal-writing					unmapped
L7-2417	空白	b79-m4-formal-writing	b7-academic-logic	L7-1646	b79-m2		simp
L7-2418	空地	b79-m4-formal-writing					unmapped
L7-2422	口碑	b79-m4-formal-writing	b7-social-culture	L7-1656	b79-m2		simp
L7-2423	口才	b79-m4-formal-writing	b7-social-virtues	L7-1657	b79-m2		simp
L7-2424	口吃	b79-m4-formal-writing					unmapped
L7-2425	口感	b79-m4-formal-writing					unmapped
L7-2438	扣除	b79-m4-formal-writing					unmapped
L7-2454	夸大	b79-m4-formal-writing					unmapped
L7-2455	夸奖	b79-m4-formal-writing	b7-social-nuance	L7-1673	b79-m2	polite	simp
L7-2459	垮	b79-m4-formal-writing					unmapped
L7-2460	挎	b79-m4-formal-writing					unmapped
L7-2461	跨国	b79-m4-formal-writing					unmapped
L7-2478	矿藏	b79-m4-formal-writing					unmapped
L7-2481	亏本	b79-m4-formal-writing					unmapped
L7-2487	扩	b79-m4-formal-writing					unmapped
L7-2488	扩建	b79-m4-formal-writing					unmapped
L7-2493	拉动	b79-m4-formal-writing					unmapped
L7-2513	栏杆	b79-m4-formal-writing					unmapped
L7-2516	缆车	b79-m4-formal-writing					unmapped
L7-2517	懒得	b79-m4-formal-writing					unmapped
L7-2529	牢记	b79-m4-formal-writing	b7-academic-logic	L7-1727	b79-m2	polite	simp
L7-2530	牢牢	b79-m4-formal-writing					unmapped
L7-2535	老化	b79-m4-formal-writing					unmapped
L7-2547	累积	b79-m4-formal-writing					unmapped
L7-2549	类别	b79-m4-formal-writing	b7-academic-logic	L7-1736	b79-m2		simp
L7-2551	冷淡	b79-m4-formal-writing					unmapped
L7-2552	冷冻	b79-m4-formal-writing					unmapped
L7-2565	礼服	b79-m4-formal-writing					unmapped
L7-2587	立方	b79-m4-formal-writing					unmapped
L7-2589	立功	b79-m4-formal-writing					unmapped
L7-2623	亮点	b79-m5-idiomatic-social					unmapped
L7-2634	料到	b79-m5-idiomatic-social					unmapped
L7-2648	临床	b79-m5-idiomatic-social					unmapped
L7-2649	临街	b79-m5-idiomatic-social					unmapped
L7-2650	临近	b79-m5-idiomatic-social	b7-general-formal	L7-1798	b79-m2		simp
L7-2730	屡次	b79-m5-idiomatic-social	b7-academic-logic	L7-1851	b79-m2		simp
L7-2735	绿地	b79-m5-idiomatic-social					unmapped
L7-2744	轮换	b79-m5-idiomatic-social					unmapped
L7-2803	冒犯	b79-m5-idiomatic-social					unmapped
L7-5499	传	b79-speaking					unmapped
