band	id	simp	unit	missing
band6	L6-0001	挨着	b6-grammar	zh+en
band6	L6-0003	挨打	b6-grammar	zh+en
band6	L6-0007	白领	b6-grammar	zh+en
band6	L6-0008	百分点	b6-grammar	zh+en
band6	L6-0011	办学	b6-grammar	zh+en
band6	L6-0016	报考	b6-grammar	zh+en
band6	L6-0032	本期	b6-grammar	zh+en
band6	L6-0037	笔试	b6-grammar	zh+en
band6	L6-0038	必将	b6-grammar	zh+en
band6	L6-0042	编制	b6-grammar	zh+en
band6	L6-0044	变更	b6-grammar	zh+en
band6	L6-0045	变换	b6-grammar	zh+en
band6	L6-0050	表面上	b6-grammar	zh+en
band6	L6-0059	不料	b6-grammar	zh+en
band6	L6-0061	不至于	b6-grammar	zh+en
band6	L6-0062	补考	b6-grammar	zh+en
band6	L6-0063	补课	b6-grammar	zh+en
band6	L6-0065	补助	b6-grammar	zh+en
band6	L6-0076	采纳	b6-grammar	zh+en
band6	L6-0079	参展	b6-grammar	zh+en
band6	L6-0082	残疾人	b6-grammar	zh+en
band6	L6-0090	测定	b6-grammar	zh+en
band6	L6-0097	拆迁	b6-grammar	zh+en
band6	L6-0099	昌盛	b6-grammar	zh+en
band6	L6-0106	常年	b6-grammar	zh+en
band6	L6-0107	厂商	b6-grammar	zh+en
band6	L6-0109	场馆	b6-grammar	zh+en
band6	L6-0110	场景	b6-grammar	zh+en
band6	L6-0111	畅通	b6-grammar	zh+en
band6	L6-0116	炒作	b6-grammar	zh+en
band6	L6-0117	车号	b6-grammar	zh+en
band6	L6-0125	成品	b6-grammar	zh+en
band6	L6-0127	城区	b6-grammar	zh+en
band6	L6-0128	城乡	b6-grammar	zh+en
band6	L6-0133	重组	b6-academic	zh+en
band6	L6-0137	出场	b6-academic	zh+en
band6	L6-0138	出动	b6-academic	zh+en
band6	L6-0139	出访	b6-academic	zh+en
band6	L6-0145	出台	b6-academic	zh+en
band6	L6-0147	初等	b6-academic	zh+en
band6	L6-0151	处处	b6-academic	zh+en
band6	L6-0152	处长	b6-academic	zh+en
band6	L6-0154	传媒	b6-academic	zh+en
band6	L6-0155	传输	b6-academic	zh+en
band6	L6-0166	此次	b6-academic	zh+en
band6	L6-0169	此致	b6-academic	zh+en
band6	L6-0182	打官司	b6-academic	zh+en
band6	L6-0190	大批	b6-academic	zh+en
band6	L6-0191	大赛	b6-academic	zh+en
band6	L6-0194	待会儿	b6-academic	zh+en
band6	L6-0196	单打	b6-academic	zh+en
band6	L6-0216	地名	b6-academic	zh+en
band6	L6-0223	调研	b6-work	zh+en
band6	L6-0225	定价	b6-work	zh+en
band6	L6-0237	短片	b6-work	zh+en
band6	L6-0244	多媒体	b6-work	zh+en
band6	L6-0246	夺取	b6-work	zh+en
band6	L6-0249	发病	b6-work	zh+en
band6	L6-0251	发放	b6-work	zh+en
band6	L6-0263	反问	b6-work	zh+en
band6	L6-0264	反响	b6-work	zh+en
band6	L6-0268	防范	b6-work	zh+en
band6	L6-0269	防守	b6-work	zh+en
band6	L6-0275	分工	b6-work	zh+en
band6	L6-0279	峰会	b6-work	zh+en
band6	L6-0285	父女	b6-work	zh+en
band6	L6-0294	改装	b6-work	zh+en
band6	L6-0299	赶忙	b6-work	zh+en
band6	L6-0301	敢于	b6-work	zh+en
band6	L6-0306	高层	b6-work	zh+en
band6	L6-0310	高考	b6-negotiation	zh+en
band6	L6-0316	歌星	b6-negotiation	zh+en
band6	L6-0317	革新	b6-negotiation	zh+en
band6	L6-0319	工商	b6-negotiation	zh+en
band6	L6-0322	公鸡	b6-negotiation	zh+en
band6	L6-0336	股东	b6-negotiation	zh+en
band6	L6-0348	广阔	b6-negotiation	zh+en
band6	L6-0368	好容易	b6-negotiation	zh+en
band6	L6-0372	合约	b6-negotiation	zh+en
band6	L6-0379	衡量	b6-negotiation	zh+en
band6	L6-0390	化解	b6-negotiation	zh+en
band6	L6-0417	加盟	b6-policy	zh+en
band6	L6-0420	嘉宾	b6-policy	zh+en
band6	L6-0421	假日	b6-policy	zh+en
band6	L6-0423	监测	b6-policy	zh+en
band6	L6-0424	监督	b6-policy	zh+en
band6	L6-0426	简介	b6-policy	zh+en
band6	L6-0430	将军	b6-policy	zh+en
band6	L6-0435	焦点	b6-policy	zh+en
band6	L6-0439	教育部	b6-policy	zh+en
band6	L6-0444	节假日	b6-policy	zh+en
band6	L6-0445	节能	b6-policy	zh+en
band6	L6-0446	节奏	b6-policy	zh+en
band6	L6-0454	借鉴	b6-policy	zh+en
band6	L6-0461	近视	b6-policy	zh+en
band6	L6-0471	纠纷	b6-policy	zh+en
band6	L6-0483	捐款	b6-policy	zh+en
band6	L6-0485	捐助	b6-policy	zh+en
band6	L6-0487	觉悟	b6-news	zh+en
band6	L6-0491	军舰	b6-news	zh+en
band6	L6-0493	开创	b6-news	zh+en
band6	L6-0495	开设	b6-news	zh+en
band6	L6-0496	开通	b6-news	zh+en
band6	L6-0502	看得起	b6-news	zh+en
band6	L6-0507	考场	b6-news	zh+en
band6	L6-0508	考题	b6-news	zh+en
band6	L6-0509	科研	b6-news	zh+en
band6	L6-0510	客车	b6-news	zh+en
band6	L6-0513	口试	b6-news	zh+en
band6	L6-0518	宽阔	b6-news	zh+en
band6	L6-0524	栏目	b6-news	zh+en
band6	L6-0525	蓝领	b6-news	zh+en
band6	L6-0534	理财	b6-news	zh+en
band6	L6-0541	凉鞋	b6-news	zh+en
band6	L6-0542	两侧	b6-news	zh+en
band6	L6-0543	两手	b6-news	zh+en
band6	L6-0555	楼道	b6-news	zh+en
band6	L6-0564	绿化	b6-news	zh+en
band6	L6-0569	慢车	b6-science	zh+en
band6	L6-0571	梅花	b6-science	zh+en
band6	L6-0572	美容	b6-science	zh+en
band6	L6-0582	民歌	b6-science	zh+en
band6	L6-0583	民工	b6-science	zh+en
band6	L6-0584	民警	b6-science	zh+en
band6	L6-0585	民意	b6-science	zh+en
band6	L6-0587	名额	b6-science	zh+en
band6	L6-0599	母女	b6-science	zh+en
band6	L6-0600	母子	b6-science	zh+en
band6	L6-0603	奶粉	b6-science	zh+en
band6	L6-0607	内外	b6-science	zh+en
band6	L6-0612	排行榜	b6-science	zh+en
band6	L6-0613	派出	b6-science	zh+en
band6	L6-0618	陪同	b6-science	zh+en
band6	L6-0619	配置	b6-science	zh+en
band6	L6-0630	评选	b6-science	zh+en
band6	L6-0638	起点	b6-science	zh+en
band6	L6-0641	恰当	b6-science	zh+en
band6	L6-0651	强化	b6-tech	zh+en
band6	L6-0652	强势	b6-tech	zh+en
band6	L6-0664	清洁工	b6-tech	zh+en
band6	L6-0665	清明节	b6-tech	zh+en
band6	L6-0670	球星	b6-tech	zh+en
band6	L6-0684	让座	b6-tech	zh+en
band6	L6-0687	热水器	b6-tech	zh+en
band6	L6-0697	乳制品	b6-tech	zh+en
band6	L6-0703	赛场	b6-tech	zh+en
band6	L6-0710	伤亡	b6-tech	zh+en
band6	L6-0711	伤员	b6-tech	zh+en
band6	L6-0719	少儿	b6-tech	zh+en
band6	L6-0723	深化	b6-tech	zh+en
band6	L6-0727	升学	b6-culture	zh+en
band6	L6-0734	师生	b6-culture	zh+en
band6	L6-0746	试点	b6-culture	zh+en
band6	L6-0754	首脑	b6-culture	zh+en
band6	L6-0755	首席	b6-culture	zh+en
band6	L6-0760	双打	b6-culture	zh+en
band6	L6-0767	司长	b6-culture	zh+en
band6	L6-0784	叹气	b6-culture	zh+en
band6	L6-0806	通报	b6-health	zh+en
band6	L6-0811	通讯	b6-health	zh+en
band6	L6-0822	徒弟	b6-health	zh+en
band6	L6-0836	外部	b6-health	zh+en
band6	L6-0843	外资	b6-health	zh+en
band6	L6-0847	王后	b6-health	zh+en
band6	L6-0852	往来	b6-health	zh+en
band6	L6-0853	往年	b6-health	zh+en
band6	L6-0861	文娱	b6-health	zh+en
band6	L6-0874	戏曲	b6-health	zh+en
band6	L6-0877	先锋	b6-abstract	zh+en
band6	L6-0889	小于	b6-abstract	zh+en
band6	L6-0891	笑脸	b6-abstract	zh+en
band6	L6-0898	写字楼	b6-abstract	zh+en
band6	L6-0909	兴旺	b6-abstract	zh+en
band6	L6-0914	修车	b6-abstract	zh+en
band6	L6-0915	袖珍	b6-abstract	zh+en
band6	L6-0918	选拔	b6-abstract	zh+en
band6	L6-0921	学员	b6-abstract	zh+en
band6	L6-0922	血管	b6-abstract	zh+en
band6	L6-0930	研发	b6-abstract	zh+en
band6	L6-0947	依次	b6-abstract	zh+en
band6	L6-0952	一贯	b6-abstract	zh+en
band6	L6-0959	一齐	b6-abstract	zh+en
band6	L6-0961	一同	b6-abstract	zh+en
band6	L6-0964	议题	b6-idioms	zh+en
band6	L6-0973	音像	b6-idioms	zh+en
band6	L6-0979	影迷	b6-idioms	zh+en
band6	L6-0980	影星	b6-idioms	zh+en
band6	L6-0982	应急	b6-idioms	zh+en
band6	L6-0984	用得着	b6-idioms	zh+en
band6	L6-0989	游人	b6-idioms	zh+en
band6	L6-0990	游玩	b6-idioms	zh+en
band6	L6-1005	园地	b6-idioms	zh+en
band6	L6-1007	原告	b6-idioms	zh+en
band6	L6-1016	乐曲	b6-idioms	zh+en
band6	L6-1028	增进	b6-idioms	zh+en
band6	L6-1029	增值	b6-idioms	zh+en
band6	L6-1031	扎实	b6-idioms	zh+en
band6	L6-1034	炸药	b6-idioms	zh+en
band6	L6-1039	战术	b6-idioms	zh+en
band6	L6-1040	战友	b6-idioms	zh+en
band6	L6-1054	这就是说	b6-review	zh+en
band6	L6-1056	争夺	b6-review	zh+en
band6	L6-1057	整顿	b6-review	zh+en
band6	L6-1058	整治	b6-review	zh+en
band6	L6-1081	治病	b6-review	zh+en
band6	L6-1085	中期	b6-review	zh+en
band6	L6-1086	中外	b6-review	zh+en
band6	L6-1087	忠心	b6-review	zh+en
band6	L6-1094	主持人	b6-review	zh+en
band6	L6-1096	主流	b6-review	zh+en
band6	L6-1101	祝愿	b6-review	zh+en
band6	L6-1119	总监	b6-review	zh+en
band6	L6-1121	总量	b6-review	zh+en
band6	L6-1138	作废	b6-review	zh+en
band6	L6-1140	座谈会	b6-review	zh+en
band7	L7-0004	哀求	b79-m1-cause-effect	zh+en
band7	L7-0005	挨家挨户	b79-m1-cause-effect	zh+en
band7	L7-0010	爱不释手	b79-m1-cause-effect	zh+en
band7	L7-0011	爱理不理	b79-m1-cause-effect	zh+en
band7	L7-0012	爱面子	b79-m1-cause-effect	zh+en
band7	L7-0014	碍事	b79-m1-cause-effect	zh+en
band7	L7-0017	安眠药	b79-m1-cause-effect	zh+en
band7	L7-0022	按键	b79-m1-cause-effect	zh+en
band7	L7-0023	按理说	b79-m1-cause-effect	zh+en
band7	L7-0024	按说	b79-m1-cause-effect	zh+en
band7	L7-0026	暗地里	b79-m1-cause-effect	zh+en
band7	L7-0030	凹	b79-m1-cause-effect	zh+en
band7	L7-0037	八卦	b79-m1-cause-effect	zh+en
band7	L7-0038	巴不得	b79-m1-cause-effect	zh+en
band7	L7-0040	芭蕾	b79-m1-cause-effect	zh+en
band7	L7-0041	把柄	b79-m1-cause-effect	zh+en
band7	L7-0042	把关	b79-m1-cause-effect	zh+en
band7	L7-0044	靶子	b79-m1-cause-effect	zh+en
band7	L7-0046	罢免	b79-m1-cause-effect	zh+en
band7	L7-0047	罢休	b79-m1-cause-effect	zh+en
band7	L7-0051	百分比	b79-m1-cause-effect	zh+en
band7	L7-0056	摆平	b79-m1-cause-effect	zh+en
band7	L7-0057	摆设	b79-m1-cause-effect	zh+en
band7	L7-0059	拜见	b79-m1-cause-effect	zh+en
band7	L7-0062	扳	b79-m1-cause-effect	zh+en
band7	L7-0063	颁布	b79-m1-cause-effect	zh+en
band7	L7-0067	搬迁	b79-m1-cause-effect	zh+en
band7	L7-0068	板块	b79-m1-cause-effect	zh+en
band7	L7-0069	办不到	b79-m1-cause-effect	zh+en
band7	L7-0070	半边天	b79-m1-cause-effect	zh+en
band7	L7-0076	半信半疑	b79-m1-cause-effect	zh+en
band7	L7-0077	半真半假	b79-m1-cause-effect	zh+en
band7	L7-0084	帮手	b79-m1-cause-effect	zh+en
band7	L7-0090	包袱	b79-m1-cause-effect	zh+en
band7	L7-0094	煲	b79-m1-cause-effect	zh+en
band7	L7-0095	饱和	b79-m1-cause-effect	zh+en
band7	L7-0097	宝库	b79-m1-cause-effect	zh+en
band7	L7-0100	保姆	b79-m1-cause-effect	zh+en
band7	L7-0102	保鲜	b79-m1-cause-effect	zh+en
band7	L7-0103	保修	b79-m1-cause-effect	zh+en
band7	L7-0108	堡垒	b79-m1-cause-effect	zh+en
band7	L7-0112	报废	b79-m1-cause-effect	zh+en
band7	L7-0115	报亭	b79-m1-cause-effect	zh+en
band7	L7-0119	暴风骤雨	b79-m1-cause-effect	zh+en
band7	L7-0120	暴利	b79-m1-cause-effect	zh+en
band7	L7-0123	爆冷门	b79-m1-cause-effect	zh+en
band7	L7-0124	爆满	b79-m1-cause-effect	zh+en
band7	L7-0125	爆竹	b79-m1-cause-effect	zh+en
band7	L7-0129	悲欢离合	b79-m1-cause-effect	zh+en
band7	L7-0133	备课	b79-m1-cause-effect	zh+en
band7	L7-0135	备用	b79-m1-cause-effect	zh+en
band7	L7-0136	背面	b79-m1-cause-effect	zh+en
band7	L7-0140	奔波	b79-m1-cause-effect	zh+en
band7	L7-0141	奔赴	b79-m1-cause-effect	zh+en
band7	L7-0142	本分	b79-m1-cause-effect	zh+en
band7	L7-0145	本色	b79-m1-cause-effect	zh+en
band7	L7-0148	本着	b79-m1-cause-effect	zh+en
band7	L7-0156	逼近	b79-m1-cause-effect	zh+en
band7	L7-0158	逼真	b79-m1-cause-effect	zh+en
band7	L7-0160	比比皆是	b79-m1-cause-effect	zh+en
band7	L7-0169	弊病	b79-m1-cause-effect	zh+en
band7	L7-0170	弊端	b79-m1-cause-effect	zh+en
band7	L7-0171	壁画	b79-m1-cause-effect	zh+en
band7	L7-0174	边疆	b79-m1-cause-effect	zh+en
band7	L7-0176	边远	b79-m1-cause-effect	zh+en
band7	L7-0177	编号	b79-m1-cause-effect	zh+en
band7	L7-0179	编排	b79-m1-cause-effect	zh+en
band7	L7-0183	鞭炮	b79-m1-cause-effect	zh+en
band7	L7-0185	变革	b79-m1-cause-effect	zh+en
band7	L7-0186	变幻莫测	b79-m1-cause-effect	zh+en
band7	L7-0187	变迁	b79-m1-cause-effect	zh+en
band7	L7-0190	便道	b79-m1-cause-effect	zh+en
band7	L7-0191	便饭	b79-m1-cause-effect	zh+en
band7	L7-0192	便捷	b79-m1-cause-effect	zh+en
band7	L7-0194	遍布	b79-m1-cause-effect	zh+en
band7	L7-0196	辨认	b79-m1-cause-effect	zh+en
band7	L7-0199	辩解	b79-m1-cause-effect	zh+en
band7	L7-0202	标榜	b79-m1-cause-effect	zh+en
band7	L7-0203	标本	b79-m1-cause-effect	zh+en
band7	L7-0206	标语	b79-m1-cause-effect	zh+en
band7	L7-0207	标致	b79-m1-cause-effect	zh+en
band7	L7-0208	飙升	b79-m1-cause-effect	zh+en
band7	L7-0209	表白	b79-m1-cause-effect	zh+en
band7	L7-0210	表决	b79-m1-cause-effect	zh+en
band7	L7-0211	表述	b79-m1-cause-effect	zh+en
band7	L7-0212	表率	b79-m1-cause-effect	zh+en
band7	L7-0213	表态	b79-m1-cause-effect	zh+en
band7	L7-0214	表彰	b79-m1-cause-effect	zh+en
band7	L7-0215	憋	b79-m1-cause-effect	zh+en
band7	L7-0216	别具匠心	b79-m1-cause-effect	zh+en
band7	L7-0220	别提了	b79-m1-comparison-evaluation	zh+en
band7	L7-0221	别致	b79-m1-comparison-evaluation	zh+en
band7	L7-0222	别扭	b79-m1-comparison-evaluation	zh+en
band7	L7-0224	滨海	b79-m1-comparison-evaluation	zh+en
band7	L7-0225	缤纷	b79-m1-comparison-evaluation	zh+en
band7	L7-0226	冰棍儿	b79-m1-comparison-evaluation	zh+en
band7	L7-0228	丙	b79-m1-comparison-evaluation	zh+en
band7	L7-0229	秉承	b79-m1-comparison-evaluation	zh+en
band7	L7-0231	并购	b79-m1-comparison-evaluation	zh+en
band7	L7-0233	并行	b79-m1-comparison-evaluation	zh+en
band7	L7-0234	病床	b79-m1-comparison-evaluation	zh+en
band7	L7-0235	病症	b79-m1-comparison-evaluation	zh+en
band7	L7-0237	拨款	b79-m1-comparison-evaluation	zh+en
band7	L7-0238	拨通	b79-m1-comparison-evaluation	zh+en
band7	L7-0239	波及	b79-m1-comparison-evaluation	zh+en
band7	L7-0240	波澜	b79-m1-comparison-evaluation	zh+en
band7	L7-0241	波涛	b79-m1-comparison-evaluation	zh+en
band7	L7-0242	波折	b79-m1-comparison-evaluation	zh+en
band7	L7-0244	剥削	b79-m1-comparison-evaluation	zh+en
band7	L7-0247	伯母	b79-m1-comparison-evaluation	zh+en
band7	L7-0250	搏斗	b79-m1-comparison-evaluation	zh+en
band7	L7-0254	不慎	b79-m1-comparison-evaluation	zh+en
band7	L7-0259	不懈	b79-m1-comparison-evaluation	zh+en
band7	L7-0262	不翼而飞	b79-m1-comparison-evaluation	zh+en
band7	L7-0264	不正之风	b79-m1-comparison-evaluation	zh+en
band7	L7-0268	哺育	b79-m1-comparison-evaluation	zh+en
band7	L7-0269	不耻下问	b79-m1-comparison-evaluation	zh+en
band7	L7-0275	不服气	b79-m1-comparison-evaluation	zh+en
band7	L7-0278	不经意	b79-m1-comparison-evaluation	zh+en
band7	L7-0285	不了了之	b79-m1-comparison-evaluation	zh+en
band7	L7-0288	不起眼	b79-m1-comparison-evaluation	zh+en
band7	L7-0292	不为人知	b79-m1-comparison-evaluation	zh+en
band7	L7-0294	不相上下	b79-m1-comparison-evaluation	zh+en
band7	L7-0295	不宜	b79-m1-comparison-evaluation	zh+en
band7	L7-0297	不以为然	b79-m1-comparison-evaluation	zh+en
band7	L7-0301	不约而同	b79-m1-comparison-evaluation	zh+en
band7	L7-0307	步入	b79-m1-comparison-evaluation	zh+en
band7	L7-0308	步骤	b79-m1-comparison-evaluation	zh+en
band7	L7-0310	部署	b79-m1-comparison-evaluation	zh+en
band7	L7-0311	猜谜	b79-m1-comparison-evaluation	zh+en
band7	L7-0314	财经	b79-m1-comparison-evaluation	zh+en
band7	L7-0317	财物	b79-m1-comparison-evaluation	zh+en
band7	L7-0320	裁定	b79-m1-comparison-evaluation	zh+en
band7	L7-0321	裁决	b79-m1-comparison-evaluation	zh+en
band7	L7-0324	采矿	b79-m1-comparison-evaluation	zh+en
band7	L7-0325	彩电	b79-m1-comparison-evaluation	zh+en
band7	L7-0327	彩霞	b79-m1-comparison-evaluation	zh+en
band7	L7-0328	菜市场	b79-m1-comparison-evaluation	zh+en
band7	L7-0331	参谋	b79-m1-comparison-evaluation	zh+en
band7	L7-0332	参照	b79-m1-comparison-evaluation	zh+en
band7	L7-0339	惨白	b79-m1-comparison-evaluation	zh+en
band7	L7-0340	惨痛	b79-m1-comparison-evaluation	zh+en
band7	L7-0341	惨重	b79-m1-comparison-evaluation	zh+en
band7	L7-0344	沧桑	b79-m1-comparison-evaluation	zh+en
band7	L7-0346	藏匿	b79-m1-comparison-evaluation	zh+en
band7	L7-0347	藏品	b79-m1-comparison-evaluation	zh+en
band7	L7-0350	操劳	b79-m1-comparison-evaluation	zh+en
band7	L7-0353	草案	b79-m1-comparison-evaluation	zh+en
band7	L7-0355	侧面	b79-m1-comparison-evaluation	zh+en
band7	L7-0356	侧重	b79-m1-comparison-evaluation	zh+en
band7	L7-0357	测算	b79-m1-comparison-evaluation	zh+en
band7	L7-0359	层出不穷	b79-m1-comparison-evaluation	zh+en
band7	L7-0362	差额	b79-m1-comparison-evaluation	zh+en
band7	L7-0366	茶道	b79-m1-comparison-evaluation	zh+en
band7	L7-0367	茶馆儿	b79-m1-comparison-evaluation	zh+en
band7	L7-0368	查处	b79-m1-comparison-evaluation	zh+en
band7	L7-0373	诧异	b79-m1-comparison-evaluation	zh+en
band7	L7-0375	搀	b79-m1-comparison-evaluation	zh+en
band7	L7-0377	禅杖	b79-m1-comparison-evaluation	zh+en
band7	L7-0382	产值	b79-m1-comparison-evaluation	zh+en
band7	L7-0387	猖狂	b79-m1-comparison-evaluation	zh+en
band7	L7-0389	长期以来	b79-m1-comparison-evaluation	zh+en
band7	L7-0390	长效	b79-m1-comparison-evaluation	zh+en
band7	L7-0391	长征	b79-m1-comparison-evaluation	zh+en
band7	L7-0393	常理	b79-m1-comparison-evaluation	zh+en
band7	L7-0395	常态	b79-m1-comparison-evaluation	zh+en
band7	L7-0398	嫦娥	b79-m1-comparison-evaluation	zh+en
band7	L7-0399	厂家	b79-m1-comparison-evaluation	zh+en
band7	L7-0401	畅谈	b79-m1-comparison-evaluation	zh+en
band7	L7-0403	倡议	b79-m1-comparison-evaluation	zh+en
band7	L7-0404	抄袭	b79-m1-comparison-evaluation	zh+en
band7	L7-0406	超标	b79-m1-comparison-evaluation	zh+en
band7	L7-0407	超车	b79-m1-comparison-evaluation	zh+en
band7	L7-0408	超前	b79-m1-comparison-evaluation	zh+en
band7	L7-0410	朝代	b79-m1-comparison-evaluation	zh+en
band7	L7-0414	吵嘴	b79-m1-comparison-evaluation	zh+en
band7	L7-0422	车型	b79-m1-comparison-evaluation	zh+en
band7	L7-0423	车轴	b79-m1-comparison-evaluation	zh+en
band7	L7-0427	撤换	b79-m1-comparison-evaluation	zh+en
band7	L7-0429	沉淀	b79-m1-comparison-evaluation	zh+en
band7	L7-0433	沉思	b79-m1-comparison-evaluation	zh+en
band7	L7-0434	沉稳	b79-m1-comparison-evaluation	zh+en
band7	L7-0436	陈旧	b79-m1-hypothesis-speculation	zh+en
band7	L7-0437	陈列	b79-m1-hypothesis-speculation	zh+en
band7	L7-0439	衬托	b79-m1-hypothesis-speculation	zh+en
band7	L7-0442	趁早	b79-m1-hypothesis-speculation	zh+en
band7	L7-0446	成才	b79-m1-hypothesis-speculation	zh+en
band7	L7-0451	成群结队	b79-m1-hypothesis-speculation	zh+en
band7	L7-0453	成问题	b79-m1-hypothesis-speculation	zh+en
band7	L7-0456	诚恳	b79-m1-hypothesis-speculation	zh+en
band7	L7-0457	诚心诚意	b79-m1-hypothesis-speculation	zh+en
band7	L7-0458	诚意	b79-m1-hypothesis-speculation	zh+en
band7	L7-0461	承载	b79-m1-hypothesis-speculation	zh+en
band7	L7-0462	城墙	b79-m1-hypothesis-speculation	zh+en
band7	L7-0463	乘人之危	b79-m1-hypothesis-speculation	zh+en
band7	L7-0465	惩处	b79-m1-hypothesis-speculation	zh+en
band7	L7-0469	逞能	b79-m1-hypothesis-speculation	zh+en
band7	L7-0470	逞强	b79-m1-hypothesis-speculation	zh+en
band7	L7-0472	吃不上	b79-m1-hypothesis-speculation	zh+en
band7	L7-0473	吃喝玩乐	b79-m1-hypothesis-speculation	zh+en
band7	L7-0475	吃亏	b79-m1-hypothesis-speculation	zh+en
band7	L7-0476	痴呆	b79-m1-hypothesis-speculation	zh+en
band7	L7-0478	痴心	b79-m1-hypothesis-speculation	zh+en
band7	L7-0480	驰名	b79-m1-hypothesis-speculation	zh+en
band7	L7-0481	迟迟	b79-m1-hypothesis-speculation	zh+en
band7	L7-0482	迟疑	b79-m1-hypothesis-speculation	zh+en
band7	L7-0489	耻笑	b79-m1-hypothesis-speculation	zh+en
band7	L7-0495	冲撞	b79-m1-hypothesis-speculation	zh+en
band7	L7-0499	充实	b79-m1-hypothesis-speculation	zh+en
band7	L7-0502	重返	b79-m1-hypothesis-speculation	zh+en
band7	L7-0503	重合	b79-m1-hypothesis-speculation	zh+en
band7	L7-0504	重申	b79-m1-hypothesis-speculation	zh+en
band7	L7-0506	崇高	b79-m1-hypothesis-speculation	zh+en
band7	L7-0507	崇尚	b79-m1-hypothesis-speculation	zh+en
band7	L7-0509	宠爱	b79-m1-hypothesis-speculation	zh+en
band7	L7-0515	仇人	b79-m1-hypothesis-speculation	zh+en
band7	L7-0518	愁眉苦脸	b79-m1-hypothesis-speculation	zh+en
band7	L7-0520	筹办	b79-m1-hypothesis-speculation	zh+en
band7	L7-0522	筹措	b79-m1-hypothesis-speculation	zh+en
band7	L7-0524	筹集	b79-m1-hypothesis-speculation	zh+en
band7	L7-0525	筹码	b79-m1-hypothesis-speculation	zh+en
band7	L7-0526	丑恶	b79-m1-hypothesis-speculation	zh+en
band7	L7-0529	瞅	b79-m1-hypothesis-speculation	zh+en
band7	L7-0531	出厂	b79-m1-hypothesis-speculation	zh+en
band7	L7-0533	出道	b79-m1-hypothesis-speculation	zh+en
band7	L7-0535	出风头	b79-m1-hypothesis-speculation	zh+en
band7	L7-0536	出境	b79-m1-hypothesis-speculation	zh+en
band7	L7-0538	出具	b79-m1-hypothesis-speculation	zh+en
band7	L7-0539	出口成章	b79-m1-hypothesis-speculation	zh+en
band7	L7-0543	出人意料	b79-m1-hypothesis-speculation	zh+en
band7	L7-0545	出山	b79-m1-hypothesis-speculation	zh+en
band7	L7-0548	出手	b79-m1-hypothesis-speculation	zh+en
band7	L7-0549	出头	b79-m1-hypothesis-speculation	zh+en
band7	L7-0550	出土	b79-m1-hypothesis-speculation	zh+en
band7	L7-0553	出演	b79-m1-hypothesis-speculation	zh+en
band7	L7-0557	出主意	b79-m1-hypothesis-speculation	zh+en
band7	L7-0558	出资	b79-m1-hypothesis-speculation	zh+en
band7	L7-0564	除去	b79-m1-hypothesis-speculation	zh+en
band7	L7-0565	除外	b79-m1-hypothesis-speculation	zh+en
band7	L7-0573	触觉	b79-m1-hypothesis-speculation	zh+en
band7	L7-0575	触目惊心	b79-m1-hypothesis-speculation	zh+en
band7	L7-0576	揣	b79-m1-hypothesis-speculation	zh+en
band7	L7-0577	揣测	b79-m1-hypothesis-speculation	zh+en
band7	L7-0578	揣摩	b79-m1-hypothesis-speculation	zh+en
band7	L7-0579	踹	b79-m1-hypothesis-speculation	zh+en
band7	L7-0582	穿小鞋	b79-m1-hypothesis-speculation	zh+en
band7	L7-0589	传人	b79-m1-hypothesis-speculation	zh+en
band7	L7-0592	船舶	b79-m1-hypothesis-speculation	zh+en
band7	L7-0593	船桨	b79-m1-hypothesis-speculation	zh+en
band7	L7-0595	喘息	b79-m1-hypothesis-speculation	zh+en
band7	L7-0596	串门	b79-m1-hypothesis-speculation	zh+en
band7	L7-0603	吹捧	b79-m1-hypothesis-speculation	zh+en
band7	L7-0605	垂头丧气	b79-m1-hypothesis-speculation	zh+en
band7	L7-0606	捶	b79-m1-hypothesis-speculation	zh+en
band7	L7-0610	纯朴	b79-m1-hypothesis-speculation	zh+en
band7	L7-0616	瓷器	b79-m1-hypothesis-speculation	zh+en
band7	L7-0618	辞呈	b79-m1-hypothesis-speculation	zh+en
band7	L7-0622	慈祥	b79-m1-hypothesis-speculation	zh+en
band7	L7-0624	磁卡	b79-m1-hypothesis-speculation	zh+en
band7	L7-0625	磁盘	b79-m1-hypothesis-speculation	zh+en
band7	L7-0626	此起彼伏	b79-m1-hypothesis-speculation	zh+en
band7	L7-0627	次日	b79-m1-hypothesis-speculation	zh+en
band7	L7-0628	伺候	b79-m1-hypothesis-speculation	zh+en
band7	L7-0629	刺耳	b79-m1-hypothesis-speculation	zh+en
band7	L7-0631	刺绣	b79-m1-hypothesis-speculation	zh+en
band7	L7-0633	赐教	b79-m1-hypothesis-speculation	zh+en
band7	L7-0643	从业	b79-m1-hypothesis-speculation	zh+en
band7	L7-0647	凑合	b79-m1-hypothesis-speculation	zh+en
band7	L7-0654	促成	b79-m2-agreement-concession	zh+en
band7	L7-0655	簇拥	b79-m2-agreement-concession	zh+en
band7	L7-0664	存心	b79-m2-agreement-concession	zh+en
band7	L7-0665	存折	b79-m2-agreement-concession	zh+en
band7	L7-0667	磋商	b79-m2-agreement-concession	zh+en
band7	L7-0669	措手不及	b79-m2-agreement-concession	zh+en
band7	L7-0672	错位	b79-m2-agreement-concession	zh+en
band7	L7-0673	错综复杂	b79-m2-agreement-concession	zh+en
band7	L7-0676	达标	b79-m2-agreement-concession	zh+en
band7	L7-0680	打盹儿	b79-m2-agreement-concession	zh+en
band7	L7-0687	打通	b79-m2-agreement-concession	zh+en
band7	L7-0690	大包大揽	b79-m2-agreement-concession	zh+en
band7	L7-0694	大大咧咧	b79-m2-agreement-concession	zh+en
band7	L7-0696	大队	b79-m2-agreement-concession	zh+en
band7	L7-0700	大街小巷	b79-m2-agreement-concession	zh+en
band7	L7-0703	大款	b79-m2-agreement-concession	zh+en
band7	L7-0704	大面积	b79-m2-agreement-concession	zh+en
band7	L7-0705	大名鼎鼎	b79-m2-agreement-concession	zh+en
band7	L7-0706	大模大样	b79-m2-agreement-concession	zh+en
band7	L7-0707	大棚	b79-m2-agreement-concession	zh+en
band7	L7-0712	大肆	b79-m2-agreement-concession	zh+en
band7	L7-0716	大腕儿	b79-m2-agreement-concession	zh+en
band7	L7-0717	大选	b79-m2-agreement-concession	zh+en
band7	L7-0718	大雁	b79-m2-agreement-concession	zh+en
band7	L7-0721	大有可为	b79-m2-agreement-concession	zh+en
band7	L7-0722	大宗	b79-m2-agreement-concession	zh+en
band7	L7-0723	歹徒	b79-m2-agreement-concession	zh+en
band7	L7-0725	代号	b79-m2-agreement-concession	zh+en
band7	L7-0727	代言人	b79-m2-agreement-concession	zh+en
band7	L7-0728	带队	b79-m2-agreement-concession	zh+en
band7	L7-0730	带头	b79-m2-agreement-concession	zh+en
band7	L7-0731	带头人	b79-m2-agreement-concession	zh+en
band7	L7-0733	怠工	b79-m2-agreement-concession	zh+en
band7	L7-0734	怠慢	b79-m2-agreement-concession	zh+en
band7	L7-0738	担负	b79-m2-agreement-concession	zh+en
band7	L7-0739	单边	b79-m2-agreement-concession	zh+en
band7	L7-0741	单方面	b79-m2-agreement-concession	zh+en
band7	L7-0749	担子	b79-m2-agreement-concession	zh+en
band7	L7-0750	诞辰	b79-m2-agreement-concession	zh+en
band7	L7-0751	淡化	b79-m2-agreement-concession	zh+en
band7	L7-0753	蛋白质	b79-m2-agreement-concession	zh+en
band7	L7-0754	当即	b79-m2-agreement-concession	zh+en
band7	L7-0759	当务之急	b79-m2-agreement-concession	zh+en
band7	L7-0762	当着	b79-m2-agreement-concession	zh+en
band7	L7-0763	当之无愧	b79-m2-agreement-concession	zh+en
band7	L7-0764	当众	b79-m2-agreement-concession	zh+en
band7	L7-0767	荡漾	b79-m2-agreement-concession	zh+en
band7	L7-0769	导弹	b79-m2-agreement-concession	zh+en
band7	L7-0770	导航	b79-m2-agreement-concession	zh+en
band7	L7-0771	导火索	b79-m2-agreement-concession	zh+en
band7	L7-0775	捣乱	b79-m2-agreement-concession	zh+en
band7	L7-0776	倒卖	b79-m2-agreement-concession	zh+en
band7	L7-0782	倒计时	b79-m2-agreement-concession	zh+en
band7	L7-0786	悼念	b79-m2-agreement-concession	zh+en
band7	L7-0787	道具	b79-m2-agreement-concession	zh+en
band7	L7-0789	得不偿失	b79-m2-agreement-concession	zh+en
band7	L7-0792	得失	b79-m2-agreement-concession	zh+en
band7	L7-0793	得手	b79-m2-agreement-concession	zh+en
band7	L7-0795	得天独厚	b79-m2-agreement-concession	zh+en
band7	L7-0796	得益于	b79-m2-agreement-concession	zh+en
band7	L7-0797	得意扬扬	b79-m2-agreement-concession	zh+en
band7	L7-0805	蹬	b79-m2-agreement-concession	zh+en
band7	L7-0808	低调	b79-m2-agreement-concession	zh+en
band7	L7-0810	低谷	b79-m2-agreement-concession	zh+en
band7	L7-0812	低迷	b79-m2-agreement-concession	zh+en
band7	L7-0813	低碳	b79-m2-agreement-concession	zh+en
band7	L7-0814	低下	b79-m2-agreement-concession	zh+en
band7	L7-0817	提防	b79-m2-agreement-concession	zh+en
band7	L7-0818	笛子	b79-m2-agreement-concession	zh+en
band7	L7-0819	抵触	b79-m2-agreement-concession	zh+en
band7	L7-0821	抵消	b79-m2-agreement-concession	zh+en
band7	L7-0822	抵押	b79-m2-agreement-concession	zh+en
band7	L7-0825	底层	b79-m2-agreement-concession	zh+en
band7	L7-0826	底线	b79-m2-agreement-concession	zh+en
band7	L7-0827	底蕴	b79-m2-agreement-concession	zh+en
band7	L7-0828	底子	b79-m2-agreement-concession	zh+en
band7	L7-0835	地下水	b79-m2-agreement-concession	zh+en
band7	L7-0837	地域	b79-m2-agreement-concession	zh+en
band7	L7-0838	地质	b79-m2-agreement-concession	zh+en
band7	L7-0839	弟子	b79-m2-agreement-concession	zh+en
band7	L7-0841	帝国主义	b79-m2-agreement-concession	zh+en
band7	L7-0842	递交	b79-m2-agreement-concession	zh+en
band7	L7-0843	第一手	b79-m2-agreement-concession	zh+en
band7	L7-0844	第一线	b79-m2-agreement-concession	zh+en
band7	L7-0847	巅峰	b79-m2-agreement-concession	zh+en
band7	L7-0850	点击率	b79-m2-agreement-concession	zh+en
band7	L7-0851	点评	b79-m2-agreement-concession	zh+en
band7	L7-0853	点缀	b79-m2-agreement-concession	zh+en
band7	L7-0856	电铃	b79-m2-agreement-concession	zh+en
band7	L7-0857	电网	b79-m2-agreement-concession	zh+en
band7	L7-0859	电信	b79-m2-agreement-concession	zh+en
band7	L7-0860	电讯	b79-m2-agreement-concession	zh+en
band7	L7-0864	淀粉	b79-m2-agreement-concession	zh+en
band7	L7-0865	惦记	b79-m2-agreement-concession	zh+en
band7	L7-0866	奠定	b79-m2-agreement-concession	zh+en
band7	L7-0867	殿堂	b79-m2-agreement-concession	zh+en
band7	L7-0872	雕塑	b79-m2-emphasis-reinforcement	zh+en
band7	L7-0873	吊销	b79-m2-emphasis-reinforcement	zh+en
band7	L7-0875	调度	b79-m2-emphasis-reinforcement	zh+en
band7	L7-0876	掉队	b79-m2-emphasis-reinforcement	zh+en
band7	L7-0885	顶多	b79-m2-emphasis-reinforcement	zh+en
band7	L7-0891	订立	b79-m2-emphasis-reinforcement	zh+en
band7	L7-0895	定论	b79-m2-emphasis-reinforcement	zh+en
band7	L7-0897	定向	b79-m2-emphasis-reinforcement	zh+en
band7	L7-0898	定心丸	b79-m2-emphasis-reinforcement	zh+en
band7	L7-0907	东道主	b79-m2-emphasis-reinforcement	zh+en
band7	L7-0908	东张西望	b79-m2-emphasis-reinforcement	zh+en
band7	L7-0911	董事长	b79-m2-emphasis-reinforcement	zh+en
band7	L7-0914	动荡	b79-m2-emphasis-reinforcement	zh+en
band7	L7-0916	动工	b79-m2-emphasis-reinforcement	zh+en
band7	L7-0918	动脉	b79-m2-emphasis-reinforcement	zh+en
band7	L7-0923	动用	b79-m2-emphasis-reinforcement	zh+en
band7	L7-0926	栋梁	b79-m2-emphasis-reinforcement	zh+en
band7	L7-0928	兜儿	b79-m2-emphasis-reinforcement	zh+en
band7	L7-0929	兜售	b79-m2-emphasis-reinforcement	zh+en
band7	L7-0934	豆浆	b79-m2-emphasis-reinforcement	zh+en
band7	L7-0938	督促	b79-m2-emphasis-reinforcement	zh+en
band7	L7-0940	独唱	b79-m2-emphasis-reinforcement	zh+en
band7	L7-0941	独家	b79-m2-emphasis-reinforcement	zh+en
band7	L7-0946	杜绝	b79-m2-emphasis-reinforcement	zh+en
band7	L7-0957	断裂	b79-m2-emphasis-reinforcement	zh+en
band7	L7-0958	堆砌	b79-m2-emphasis-reinforcement	zh+en
band7	L7-0959	队形	b79-m2-emphasis-reinforcement	zh+en
band7	L7-0960	对白	b79-m2-emphasis-reinforcement	zh+en
band7	L7-0961	对策	b79-m2-emphasis-reinforcement	zh+en
band7	L7-0962	对称	b79-m2-emphasis-reinforcement	zh+en
band7	L7-0964	对联	b79-m2-emphasis-reinforcement	zh+en
band7	L7-0965	对弈	b79-m2-emphasis-reinforcement	zh+en
band7	L7-0968	对准	b79-m2-emphasis-reinforcement	zh+en
band7	L7-0970	兑现	b79-m2-emphasis-reinforcement	zh+en
band7	L7-0971	敦促	b79-m2-emphasis-reinforcement	zh+en
band7	L7-0972	敦厚	b79-m2-emphasis-reinforcement	zh+en
band7	L7-0975	多边	b79-m2-emphasis-reinforcement	zh+en
band7	L7-0978	多劳多得	b79-m2-emphasis-reinforcement	zh+en
band7	L7-0980	多心	b79-m2-emphasis-reinforcement	zh+en
band7	L7-0982	多元	b79-m2-emphasis-reinforcement	zh+en
band7	L7-0983	哆嗦	b79-m2-emphasis-reinforcement	zh+en
band7	L7-0984	夺冠	b79-m2-emphasis-reinforcement	zh+en
band7	L7-0985	夺魁	b79-m2-emphasis-reinforcement	zh+en
band7	L7-0988	舵手	b79-m2-emphasis-reinforcement	zh+en
band7	L7-0990	讹诈	b79-m2-emphasis-reinforcement	zh+en
band7	L7-1002	恩赐	b79-m2-emphasis-reinforcement	zh+en
band7	L7-1003	恩惠	b79-m2-emphasis-reinforcement	zh+en
band7	L7-1004	恩情	b79-m2-emphasis-reinforcement	zh+en
band7	L7-1005	恩怨	b79-m2-emphasis-reinforcement	zh+en
band7	L7-1016	发电机	b79-m2-emphasis-reinforcement	zh+en
band7	L7-1018	发愤图强	b79-m2-emphasis-reinforcement	zh+en
band7	L7-1023	发愣	b79-m2-emphasis-reinforcement	zh+en
band7	L7-1025	发起人	b79-m2-emphasis-reinforcement	zh+en
band7	L7-1029	发扬	b79-m2-emphasis-reinforcement	zh+en
band7	L7-1030	发扬光大	b79-m2-emphasis-reinforcement	zh+en
band7	L7-1031	发育	b79-m2-emphasis-reinforcement	zh+en
band7	L7-1032	发源地	b79-m2-emphasis-reinforcement	zh+en
band7	L7-1034	阀门	b79-m2-emphasis-reinforcement	zh+en
band7	L7-1039	翻来覆去	b79-m2-emphasis-reinforcement	zh+en
band7	L7-1042	烦闷	b79-m2-emphasis-reinforcement	zh+en
band7	L7-1048	繁重	b79-m2-emphasis-reinforcement	zh+en
band7	L7-1050	反差	b79-m2-emphasis-reinforcement	zh+en
band7	L7-1052	反倒	b79-m2-emphasis-reinforcement	zh+en
band7	L7-1059	反弹	b79-m2-emphasis-reinforcement	zh+en
band7	L7-1060	反省	b79-m2-emphasis-reinforcement	zh+en
band7	L7-1062	犯愁	b79-m2-emphasis-reinforcement	zh+en
band7	L7-1067	方方面面	b79-m2-emphasis-reinforcement	zh+en
band7	L7-1070	防盗	b79-m2-emphasis-reinforcement	zh+en
band7	L7-1071	防盗门	b79-m2-emphasis-reinforcement	zh+en
band7	L7-1072	防护	b79-m2-emphasis-reinforcement	zh+en
band7	L7-1074	防卫	b79-m2-emphasis-reinforcement	zh+en
band7	L7-1075	防汛	b79-m2-emphasis-reinforcement	zh+en
band7	L7-1076	防疫	b79-m2-emphasis-reinforcement	zh+en
band7	L7-1079	妨害	b79-m2-emphasis-reinforcement	zh+en
band7	L7-1080	房地产	b79-m2-emphasis-reinforcement	zh+en
band7	L7-1083	访谈	b79-m2-emphasis-reinforcement	zh+en
band7	L7-1086	放水	b79-m2-counterargument	zh+en
band7	L7-1091	飞速	b79-m2-counterargument	zh+en
band7	L7-1094	飞跃	b79-m2-counterargument	zh+en
band7	L7-1099	绯闻	b79-m2-counterargument	zh+en
band7	L7-1100	肥料	b79-m2-counterargument	zh+en
band7	L7-1104	诽谤	b79-m2-counterargument	zh+en
band7	L7-1108	废品	b79-m2-counterargument	zh+en
band7	L7-1119	分红	b79-m2-counterargument	zh+en
band7	L7-1120	分化	b79-m2-counterargument	zh+en
band7	L7-1121	分泌	b79-m2-counterargument	zh+en
band7	L7-1124	分赃	b79-m2-counterargument	zh+en
band7	L7-1128	氛围	b79-m2-counterargument	zh+en
band7	L7-1131	焚烧	b79-m2-counterargument	zh+en
band7	L7-1135	分量	b79-m2-counterargument	zh+en
band7	L7-1137	份额	b79-m2-counterargument	zh+en
band7	L7-1138	奋力	b79-m2-counterargument	zh+en
band7	L7-1139	奋勇	b79-m2-counterargument	zh+en
band7	L7-1141	粪便	b79-m2-counterargument	zh+en
band7	L7-1143	丰厚	b79-m2-counterargument	zh+en
band7	L7-1144	丰满	b79-m2-counterargument	zh+en
band7	L7-1146	丰硕	b79-m2-counterargument	zh+en
band7	L7-1147	风波	b79-m2-counterargument	zh+en
band7	L7-1148	风采	b79-m2-counterargument	zh+en
band7	L7-1153	风浪	b79-m2-counterargument	zh+en
band7	L7-1155	风流	b79-m2-counterargument	zh+en
band7	L7-1156	风貌	b79-m2-counterargument	zh+en
band7	L7-1157	风气	b79-m2-counterargument	zh+en
band7	L7-1158	风情	b79-m2-counterargument	zh+en
band7	L7-1160	风沙	b79-m2-counterargument	zh+en
band7	L7-1161	风尚	b79-m2-counterargument	zh+en
band7	L7-1162	风水	b79-m2-counterargument	zh+en
band7	L7-1167	封顶	b79-m2-counterargument	zh+en
band7	L7-1176	缝合	b79-m2-counterargument	zh+en
band7	L7-1181	孵化	b79-m2-counterargument	zh+en
band7	L7-1183	扶持	b79-m2-counterargument	zh+en
band7	L7-1187	俘获	b79-m2-counterargument	zh+en
band7	L7-1188	俘虏	b79-m2-counterargument	zh+en
band7	L7-1189	浮力	b79-m2-counterargument	zh+en
band7	L7-1191	浮躁	b79-m2-counterargument	zh+en
band7	L7-1192	辐射	b79-m2-counterargument	zh+en
band7	L7-1193	福气	b79-m2-counterargument	zh+en
band7	L7-1195	抚恤	b79-m2-counterargument	zh+en
band7	L7-1197	抚养费	b79-m2-counterargument	zh+en
band7	L7-1199	俯首	b79-m2-counterargument	zh+en
band7	L7-1202	腐化	b79-m2-counterargument	zh+en
band7	L7-1211	附带	b79-m2-counterargument	zh+en
band7	L7-1214	附属	b79-m2-counterargument	zh+en
band7	L7-1216	复查	b79-m2-counterargument	zh+en
band7	L7-1217	复发	b79-m2-counterargument	zh+en
band7	L7-1225	富豪	b79-m2-counterargument	zh+en
band7	L7-1231	腹泻	b79-m2-counterargument	zh+en
band7	L7-1234	改版	b79-m2-counterargument	zh+en
band7	L7-1235	改编	b79-m2-counterargument	zh+en
band7	L7-1239	改名	b79-m2-counterargument	zh+en
band7	L7-1240	改日	b79-m2-counterargument	zh+en
band7	L7-1243	钙	b79-m2-counterargument	zh+en
band7	L7-1245	概况	b79-m2-counterargument	zh+en
band7	L7-1248	干戈	b79-m2-counterargument	zh+en
band7	L7-1252	肝脏	b79-m2-counterargument	zh+en
band7	L7-1254	赶赴	b79-m2-counterargument	zh+en
band7	L7-1256	敢情	b79-m2-counterargument	zh+en
band7	L7-1258	感触	b79-m2-counterargument	zh+en
band7	L7-1259	感恩	b79-m2-counterargument	zh+en
band7	L7-1261	感慨	b79-m2-counterargument	zh+en
band7	L7-1267	干事	b79-m2-counterargument	zh+en
band7	L7-1268	刚毅	b79-m2-counterargument	zh+en
band7	L7-1274	杠铃	b79-m2-counterargument	zh+en
band7	L7-1275	高昂	b79-m2-counterargument	zh+en
band7	L7-1279	高调	b79-m2-counterargument	zh+en
band7	L7-1280	高额	b79-m2-counterargument	zh+en
band7	L7-1285	高龄	b79-m2-counterargument	zh+en
band7	L7-1286	高明	b79-m2-counterargument	zh+en
band7	L7-1292	高雅	b79-m2-counterargument	zh+en
band7	L7-1293	高涨	b79-m2-counterargument	zh+en
band7	L7-1294	搞鬼	b79-m2-counterargument	zh+en
band7	L7-1297	告辞	b79-m2-counterargument	zh+en
band7	L7-1302	戈壁	b79-m2-counterargument	zh+en
band7	L7-1307	搁置	b79-m3-politics-policy	zh+en
band7	L7-1310	歌颂	b79-m3-politics-policy	zh+en
band7	L7-1312	歌咏	b79-m3-politics-policy	zh+en
band7	L7-1316	格局	b79-m3-politics-policy	zh+en
band7	L7-1318	隔阂	b79-m3-politics-policy	zh+en
band7	L7-1321	个头儿	b79-m3-politics-policy	zh+en
band7	L7-1322	各奔前程	b79-m3-politics-policy	zh+en
band7	L7-1324	根基	b79-m3-politics-policy	zh+en
band7	L7-1327	根治	b79-m3-politics-policy	zh+en
band7	L7-1337	工科	b79-m3-politics-policy	zh+en
band7	L7-1343	公安局	b79-m3-politics-policy	zh+en
band7	L7-1346	公费	b79-m3-politics-policy	zh+en
band7	L7-1349	公函	b79-m3-politics-policy	zh+en
band7	L7-1350	公积金	b79-m3-politics-policy	zh+en
band7	L7-1351	公开信	b79-m3-politics-policy	zh+en
band7	L7-1352	公款	b79-m3-politics-policy	zh+en
band7	L7-1355	公仆	b79-m3-politics-policy	zh+en
band7	L7-1356	公顷	b79-m3-politics-policy	zh+en
band7	L7-1357	公然	b79-m3-politics-policy	zh+en
band7	L7-1358	公示	b79-m3-politics-policy	zh+en
band7	L7-1360	公务	b79-m3-politics-policy	zh+en
band7	L7-1361	公益	b79-m3-politics-policy	zh+en
band7	L7-1365	公约	b79-m3-politics-policy	zh+en
band7	L7-1366	公证	b79-m3-politics-policy	zh+en
band7	L7-1369	功臣	b79-m3-politics-policy	zh+en
band7	L7-1370	功底	b79-m3-politics-policy	zh+en
band7	L7-1371	功劳	b79-m3-politics-policy	zh+en
band7	L7-1372	功力	b79-m3-politics-policy	zh+en
band7	L7-1373	功率	b79-m3-politics-policy	zh+en
band7	L7-1376	攻读	b79-m3-politics-policy	zh+en
band7	L7-1377	攻关	b79-m3-politics-policy	zh+en
band7	L7-1380	供暖	b79-m3-politics-policy	zh+en
band7	L7-1381	供求	b79-m3-politics-policy	zh+en
band7	L7-1383	宫廷	b79-m3-politics-policy	zh+en
band7	L7-1386	拱	b79-m3-politics-policy	zh+en
band7	L7-1387	共鸣	b79-m3-politics-policy	zh+en
band7	L7-1388	共识	b79-m3-politics-policy	zh+en
band7	L7-1389	共同体	b79-m3-politics-policy	zh+en
band7	L7-1390	共性	b79-m3-politics-policy	zh+en
band7	L7-1393	勾画	b79-m3-politics-policy	zh+en
band7	L7-1400	够呛	b79-m3-politics-policy	zh+en
band7	L7-1401	估算	b79-m3-politics-policy	zh+en
band7	L7-1410	古迹	b79-m3-politics-policy	zh+en
band7	L7-1412	古朴	b79-m3-politics-policy	zh+en
band7	L7-1414	股份	b79-m3-politics-policy	zh+en
band7	L7-1415	股民	b79-m3-politics-policy	zh+en
band7	L7-1417	骨干	b79-m3-politics-policy	zh+en
band7	L7-1420	鼓动	b79-m3-politics-policy	zh+en
band7	L7-1425	顾不得	b79-m3-politics-policy	zh+en
band7	L7-1426	顾不上	b79-m3-politics-policy	zh+en
band7	L7-1434	瓜分	b79-m3-politics-policy	zh+en
band7	L7-1441	挂失	b79-m3-politics-policy	zh+en
band7	L7-1443	乖巧	b79-m3-politics-policy	zh+en
band7	L7-1451	关税	b79-m3-politics-policy	zh+en
band7	L7-1455	观感	b79-m3-politics-policy	zh+en
band7	L7-1459	官兵	b79-m3-politics-policy	zh+en
band7	L7-1460	官吏	b79-m3-politics-policy	zh+en
band7	L7-1466	管教	b79-m3-politics-policy	zh+en
band7	L7-1467	管理费	b79-m3-politics-policy	zh+en
band7	L7-1468	管辖	b79-m3-politics-policy	zh+en
band7	L7-1472	贯穿	b79-m3-politics-policy	zh+en
band7	L7-1475	惯例	b79-m3-politics-policy	zh+en
band7	L7-1478	灌溉	b79-m3-politics-policy	zh+en
band7	L7-1487	光缆	b79-m3-politics-policy	zh+en
band7	L7-1491	广义	b79-m3-politics-policy	zh+en
band7	L7-1496	归纳	b79-m3-politics-policy	zh+en
band7	L7-1497	归属	b79-m3-politics-policy	zh+en
band7	L7-1500	规格	b79-m3-politics-policy	zh+en
band7	L7-1503	瑰宝	b79-m3-politics-policy	zh+en
band7	L7-1506	贵宾	b79-m3-politics-policy	zh+en
band7	L7-1510	滚动	b79-m3-politics-policy	zh+en
band7	L7-1514	国防	b79-m3-politics-policy	zh+en
band7	L7-1516	国徽	b79-m3-politics-policy	zh+en
band7	L7-1517	国情	b79-m3-politics-policy	zh+en
band7	L7-1532	过境	b79-m3-economy-finance	zh+en
band7	L7-1542	过硬	b79-m3-economy-finance	zh+en
band7	L7-1548	海量	b79-m3-economy-finance	zh+en
band7	L7-1551	海内外	b79-m3-economy-finance	zh+en
band7	L7-1559	害虫	b79-m3-economy-finance	zh+en
band7	L7-1567	涵盖	b79-m3-economy-finance	zh+en
band7	L7-1574	焊	b79-m3-economy-finance	zh+en
band7	L7-1575	行家	b79-m3-economy-finance	zh+en
band7	L7-1576	行列	b79-m3-economy-finance	zh+en
band7	L7-1577	行情	b79-m3-economy-finance	zh+en
band7	L7-1591	好家伙	b79-m3-economy-finance	zh+en
band7	L7-1599	号称	b79-m3-economy-finance	zh+en
band7	L7-1611	合计	b79-m3-economy-finance	zh+en
band7	L7-1614	合资	b79-m3-economy-finance	zh+en
band7	L7-1616	何必	b79-m3-economy-finance	zh+en
band7	L7-1618	何苦	b79-m3-economy-finance	zh+en
band7	L7-1626	和尚	b79-m3-economy-finance	zh+en
band7	L7-1629	荷花	b79-m3-economy-finance	zh+en
band7	L7-1632	核对	b79-m3-economy-finance	zh+en
band7	L7-1634	核实	b79-m3-economy-finance	zh+en
band7	L7-1637	贺电	b79-m3-economy-finance	zh+en
band7	L7-1639	喝彩	b79-m3-economy-finance	zh+en
band7	L7-1644	黑马	b79-m3-economy-finance	zh+en
band7	L7-1649	恨不得	b79-m3-economy-finance	zh+en
band7	L7-1650	哼	b79-m3-economy-finance	zh+en
band7	L7-1662	红灯	b79-m3-economy-finance	zh+en
band7	L7-1663	红火	b79-m3-economy-finance	zh+en
band7	L7-1677	后代	b79-m3-economy-finance	zh+en
band7	L7-1689	厚道	b79-m3-economy-finance	zh+en
band7	L7-1690	厚度	b79-m3-economy-finance	zh+en
band7	L7-1706	互补	b79-m3-economy-finance	zh+en
band7	L7-1710	护理	b79-m3-economy-finance	zh+en
band7	L7-1713	花纹	b79-m3-economy-finance	zh+en
band7	L7-1719	哗变	b79-m3-economy-finance	zh+en
band7	L7-1725	化肥	b79-m3-economy-finance	zh+en
band7	L7-1727	化纤	b79-m3-economy-finance	zh+en
band7	L7-1731	划时代	b79-m3-economy-finance	zh+en
band7	L7-1732	画册	b79-m3-economy-finance	zh+en
band7	L7-1739	怀抱	b79-m3-tech-innovation	zh+en
band7	L7-1740	怀旧	b79-m3-tech-innovation	zh+en
band7	L7-1750	还款	b79-m3-tech-innovation	zh+en
band7	L7-1751	还原	b79-m3-tech-innovation	zh+en
band7	L7-1755	缓和	b79-m3-tech-innovation	zh+en
band7	L7-1761	换取	b79-m3-tech-innovation	zh+en
band7	L7-1763	换言之	b79-m3-tech-innovation	zh+en
band7	L7-1766	患病	b79-m3-tech-innovation	zh+en
band7	L7-1768	焕发	b79-m3-tech-innovation	zh+en
band7	L7-1771	荒凉	b79-m3-tech-innovation	zh+en
band7	L7-1773	慌乱	b79-m3-tech-innovation	zh+en
band7	L7-1785	晃荡	b79-m3-tech-innovation	zh+en
band7	L7-1792	回扣	b79-m3-tech-innovation	zh+en
band7	L7-1793	回馈	b79-m3-tech-innovation	zh+en
band7	L7-1794	回落	b79-m3-tech-innovation	zh+en
band7	L7-1796	回首	b79-m3-tech-innovation	zh+en
band7	L7-1797	回味	b79-m3-tech-innovation	zh+en
band7	L7-1799	回忆录	b79-m3-tech-innovation	zh+en
band7	L7-1800	悔恨	b79-m3-tech-innovation	zh+en
band7	L7-1803	汇合	b79-m3-tech-innovation	zh+en
band7	L7-1804	汇集	b79-m3-tech-innovation	zh+en
band7	L7-1805	汇聚	b79-m3-tech-innovation	zh+en
band7	L7-1808	会晤	b79-m3-tech-innovation	zh+en
band7	L7-1810	会诊	b79-m3-tech-innovation	zh+en
band7	L7-1822	豁出去	b79-m3-tech-innovation	zh+en
band7	L7-1824	活期	b79-m3-tech-innovation	zh+en
band7	L7-1826	火暴	b79-m3-tech-innovation	zh+en
band7	L7-1830	火炬	b79-m3-tech-innovation	zh+en
band7	L7-1834	火速	b79-m3-tech-innovation	zh+en
band7	L7-1837	伙食	b79-m3-tech-innovation	zh+en
band7	L7-1851	机舱	b79-m3-tech-innovation	zh+en
band7	L7-1858	积淀	b79-m3-tech-innovation	zh+en
band7	L7-1860	基本功	b79-m3-tech-innovation	zh+en
band7	L7-1861	基层	b79-m3-tech-innovation	zh+en
band7	L7-1866	激发	b79-m3-tech-innovation	zh+en
band7	L7-1868	激化	b79-m3-tech-innovation	zh+en
band7	L7-1874	及其	b79-m3-tech-innovation	zh+en
band7	L7-1880	极度	b79-m3-tech-innovation	zh+en
band7	L7-1887	即可	b79-m3-tech-innovation	zh+en
band7	L7-1893	急诊	b79-m3-tech-innovation	zh+en
band7	L7-1900	集资	b79-m3-tech-innovation	zh+en
band7	L7-1905	计策	b79-m3-tech-innovation	zh+en
band7	L7-1911	纪念碑	b79-m3-tech-innovation	zh+en
band7	L7-1917	忌讳	b79-m3-tech-innovation	zh+en
band7	L7-1918	忌口	b79-m3-tech-innovation	zh+en
band7	L7-1922	继而	b79-m3-tech-innovation	zh+en
band7	L7-1923	继父	b79-m3-tech-innovation	zh+en
band7	L7-1924	继母	b79-m3-tech-innovation	zh+en
band7	L7-1926	祭奠	b79-m3-tech-innovation	zh+en
band7	L7-1938	家教	b79-m3-tech-innovation	zh+en
band7	L7-1943	家政	b79-m3-tech-innovation	zh+en
band7	L7-1947	假冒	b79-m3-tech-innovation	zh+en
band7	L7-1951	价位	b79-m3-tech-innovation	zh+en
band7	L7-1959	嫁妆	b79-m4-meetings-discussion	zh+en
band7	L7-1960	尖端	b79-m4-meetings-discussion	zh+en
band7	L7-1971	肩负	b79-m4-meetings-discussion	zh+en
band7	L7-1983	兼顾	b79-m4-meetings-discussion	zh+en
band7	L7-1984	兼任	b79-m4-meetings-discussion	zh+en
band7	L7-1985	兼容	b79-m4-meetings-discussion	zh+en
band7	L7-1991	减免	b79-m4-meetings-discussion	zh+en
band7	L7-1997	简化	b79-m4-meetings-discussion	zh+en
band7	L7-2015	建交	b79-m4-meetings-discussion	zh+en
band7	L7-2023	鉴别	b79-m4-meetings-discussion	zh+en
band7	L7-2028	僵化	b79-m4-meetings-discussion	zh+en
band7	L7-2032	讲学	b79-m4-meetings-discussion	zh+en
band7	L7-2033	奖杯	b79-m4-meetings-discussion	zh+en
band7	L7-2034	奖牌	b79-m4-meetings-discussion	zh+en
band7	L7-2043	交界	b79-m4-meetings-discussion	zh+en
band7	L7-2044	交纳	b79-m4-meetings-discussion	zh+en
band7	L7-2048	交替	b79-m4-meetings-discussion	zh+en
band7	L7-2060	焦距	b79-m4-meetings-discussion	zh+en
band7	L7-2072	缴费	b79-m4-meetings-discussion	zh+en
band7	L7-2073	缴纳	b79-m4-meetings-discussion	zh+en
band7	L7-2074	叫板	b79-m4-meetings-discussion	zh+en
band7	L7-2075	叫好	b79-m4-meetings-discussion	zh+en
band7	L7-2078	较量	b79-m4-meetings-discussion	zh+en
band7	L7-2088	接班	b79-m4-meetings-discussion	zh+en
band7	L7-2089	接班人	b79-m4-meetings-discussion	zh+en
band7	L7-2092	接济	b79-m4-meetings-discussion	zh+en
band7	L7-2093	接见	b79-m4-meetings-discussion	zh+en
band7	L7-2094	接力	b79-m4-meetings-discussion	zh+en
band7	L7-2097	接送	b79-m4-meetings-discussion	zh+en
band7	L7-2101	揭发	b79-m4-meetings-discussion	zh+en
band7	L7-2107	节水	b79-m4-meetings-discussion	zh+en
band7	L7-2110	劫持	b79-m4-meetings-discussion	zh+en
band7	L7-2138	界定	b79-m4-meetings-discussion	zh+en
band7	L7-2155	紧凑	b79-m4-meetings-discussion	zh+en
band7	L7-2164	进场	b79-m4-meetings-discussion	zh+en
band7	L7-2167	进出口	b79-m4-meetings-discussion	zh+en
band7	L7-2169	进而	b79-m4-meetings-discussion	zh+en
band7	L7-2171	近年来	b79-m4-negotiation	zh+en
band7	L7-2201	精练	b79-m4-negotiation	zh+en
band7	L7-2202	精妙	b79-m4-negotiation	zh+en
band7	L7-2214	颈部	b79-m4-negotiation	zh+en
band7	L7-2228	敬爱	b79-m4-negotiation	zh+en
band7	L7-2230	敬酒	b79-m4-negotiation	zh+en
band7	L7-2231	敬礼	b79-m4-negotiation	zh+en
band7	L7-2233	敬请	b79-m4-negotiation	zh+en
band7	L7-2236	敬重	b79-m4-negotiation	zh+en
band7	L7-2245	揪	b79-m4-negotiation	zh+en
band7	L7-2249	酒楼	b79-m4-negotiation	zh+en
band7	L7-2253	就餐	b79-m4-negotiation	zh+en
band7	L7-2254	就地	b79-m4-negotiation	zh+en
band7	L7-2256	就近	b79-m4-negotiation	zh+en
band7	L7-2294	据此	b79-m4-negotiation	zh+en
band7	L7-2328	开采	b79-m4-negotiation	zh+en
band7	L7-2330	开场白	b79-m4-negotiation	zh+en
band7	L7-2354	堪称	b79-m4-negotiation	zh+en
band7	L7-2386	可贵	b79-m4-negotiation	zh+en
band7	L7-2422	口碑	b79-m4-formal-writing	zh+en
band7	L7-2423	口才	b79-m4-formal-writing	zh+en
band7	L7-2425	口感	b79-m4-formal-writing	zh+en
band7	L7-2438	扣除	b79-m4-formal-writing	zh+en
band7	L7-2454	夸大	b79-m4-formal-writing	zh+en
band7	L7-2460	挎	b79-m4-formal-writing	zh+en
band7	L7-2478	矿藏	b79-m4-formal-writing	zh+en
band7	L7-2481	亏本	b79-m4-formal-writing	zh+en
band7	L7-2493	拉动	b79-m4-formal-writing	zh+en
band7	L7-2516	缆车	b79-m4-formal-writing	zh+en
band7	L7-2535	老化	b79-m4-formal-writing	zh+en
band7	L7-2549	类别	b79-m4-formal-writing	zh+en
band7	L7-2589	立功	b79-m4-formal-writing	zh+en
band7	L7-2623	亮点	b79-m5-idiomatic-social	zh+en
band7	L7-2649	临街	b79-m5-idiomatic-social	zh+en
band7	L7-2730	屡次	b79-m5-idiomatic-social	zh+en
band7	L7-2744	轮换	b79-m5-idiomatic-social	zh+en
band8	L8-0942	独立自主	b79-m2-emphasis-reinforcement	zh+en
band8	L8-1008	耳目一新	b79-m2-emphasis-reinforcement	zh+en
band8	L8-1009	耳熟能详	b79-m2-emphasis-reinforcement	zh+en
band8	L8-1010	耳闻目睹	b79-m2-emphasis-reinforcement	zh+en
band8	L8-1082	仿制	b79-m2-emphasis-reinforcement	zh+en
band8	L8-1090	放纵	b79-m2-counterargument	zh+en
band8	L8-1109	废寝忘食	b79-m2-counterargument	zh+en
band8	L8-1112	沸沸扬扬	b79-m2-counterargument	zh+en
band8	L8-1142	丰富多彩	b79-m2-counterargument	zh+en
band8	L8-1149	风餐露宿	b79-m2-counterargument	zh+en
band8	L8-1150	风范	b79-m2-counterargument	zh+en
band8	L8-1152	风和日丽	b79-m2-counterargument	zh+en
band8	L8-1172	峰回路转	b79-m2-counterargument	zh+en
band8	L8-1198	斧子	b79-m2-counterargument	zh+en
band8	L8-1200	辅导	b79-m2-counterargument	zh+en
band8	L8-1237	改革开放	b79-m2-counterargument	zh+en
band8	L8-1247	概论	b79-m2-counterargument	zh+en
band8	L8-1265	感性	b79-m2-counterargument	zh+en
band8	L8-1269	纲领	b79-m2-counterargument	zh+en
band8	L8-1270	纲要	b79-m2-counterargument	zh+en
band8	L8-1289	高新技术	b79-m2-counterargument	zh+en
band8	L8-1301	告状	b79-m2-counterargument	zh+en
band8	L8-1315	格格不入	b79-m3-politics-policy	zh+en
band8	L8-1325	根深蒂固	b79-m3-politics-policy	zh+en
band8	L8-1334	耿直	b79-m3-politics-policy	zh+en
band8	L8-1338	工商界	b79-m3-politics-policy	zh+en
band8	L8-1339	工序	b79-m3-politics-policy	zh+en
band8	L8-1340	工整	b79-m3-politics-policy	zh+en
band8	L8-1362	公益性	b79-m3-politics-policy	zh+en
band8	L8-1379	供不应求	b79-m3-politics-policy	zh+en
band8	L8-1384	恭维	b79-m3-politics-policy	zh+en
band8	L8-1397	构思	b79-m3-politics-policy	zh+en
band8	L8-1398	构想	b79-m3-politics-policy	zh+en
band8	L8-1402	沽名钓誉	b79-m3-politics-policy	zh+en
band8	L8-1405	孤零零	b79-m3-politics-policy	zh+en
band8	L8-1406	孤陋寡闻	b79-m3-politics-policy	zh+en
band8	L8-1411	古今中外	b79-m3-politics-policy	zh+en
band8	L8-1418	骨气	b79-m3-politics-policy	zh+en
band8	L8-1429	顾全大局	b79-m3-politics-policy	zh+en
band8	L8-1456	观摩	b79-m3-politics-policy	zh+en
band8	L8-1458	观望	b79-m3-politics-policy	zh+en
band8	L8-1464	棺材	b79-m3-politics-policy	zh+en
band8	L8-1471	贯彻	b79-m3-politics-policy	zh+en
band8	L8-1473	贯通	b79-m3-politics-policy	zh+en
band8	L8-1482	光彩	b79-m3-politics-policy	zh+en
band8	L8-1489	光明磊落	b79-m3-politics-policy	zh+en
band8	L8-1492	归根到底	b79-m3-politics-policy	zh+en
band8	L8-1498	归宿	b79-m3-politics-policy	zh+en
band8	L8-1504	轨迹	b79-m3-politics-policy	zh+en
band8	L8-1540	过意不去	b79-m3-economy-finance	zh+en
band8	L8-1555	海域	b79-m3-economy-finance	zh+en
band8	L8-1557	海藻	b79-m3-economy-finance	zh+en
band8	L8-1558	骇人听闻	b79-m3-economy-finance	zh+en
band8	L8-1562	酣畅	b79-m3-economy-finance	zh+en
band8	L8-1563	酣睡	b79-m3-economy-finance	zh+en
band8	L8-1565	含蓄	b79-m3-economy-finance	zh+en
band8	L8-1566	函授	b79-m3-economy-finance	zh+en
band8	L8-1580	航天员	b79-m3-economy-finance	zh+en
band8	L8-1605	浩劫	b79-m3-economy-finance	zh+en
band8	L8-1607	禾苗	b79-m3-economy-finance	zh+en
band8	L8-1615	合作社	b79-m3-economy-finance	zh+en
band8	L8-1624	和平共处	b79-m3-economy-finance	zh+en
band8	L8-1638	贺信	b79-m3-economy-finance	zh+en
band8	L8-1640	赫然	b79-m3-economy-finance	zh+en
band8	L8-1641	鹤立鸡群	b79-m3-economy-finance	zh+en
band8	L8-1645	黑手	b79-m3-economy-finance	zh+en
band8	L8-1651	横七竖八	b79-m3-economy-finance	zh+en
band8	L8-1652	横向	b79-m3-economy-finance	zh+en
band8	L8-1660	烘托	b79-m3-economy-finance	zh+en
band8	L8-1661	弘扬	b79-m3-economy-finance	zh+en
band8	L8-1664	红扑扑	b79-m3-economy-finance	zh+en
band8	L8-1667	红眼	b79-m3-economy-finance	zh+en
band8	L8-1668	宏观	b79-m3-economy-finance	zh+en
band8	L8-1669	宏伟	b79-m3-economy-finance	zh+en
band8	L8-1670	洪亮	b79-m3-economy-finance	zh+en
band8	L8-1678	后盾	b79-m3-economy-finance	zh+en
band8	L8-1679	后顾之忧	b79-m3-economy-finance	zh+en
band8	L8-1683	后台	b79-m3-economy-finance	zh+en
band8	L8-1685	后续	b79-m3-economy-finance	zh+en
band8	L8-1686	后遗症	b79-m3-economy-finance	zh+en
band8	L8-1692	呼风唤雨	b79-m3-economy-finance	zh+en
band8	L8-1693	呼唤	b79-m3-economy-finance	zh+en
band8	L8-1696	呼应	b79-m3-economy-finance	zh+en
band8	L8-1698	忽高忽低	b79-m3-economy-finance	zh+en
band8	L8-1699	忽悠	b79-m3-economy-finance	zh+en
band8	L8-1702	胡思乱想	b79-m3-economy-finance	zh+en
band8	L8-1707	互访	b79-m3-economy-finance	zh+en
band8	L8-1708	互信	b79-m3-economy-finance	zh+en
band8	L8-1715	划算	b79-m3-economy-finance	zh+en
band8	L8-1717	华侨	b79-m3-economy-finance	zh+en
band8	L8-1718	华裔	b79-m3-economy-finance	zh+en
band8	L8-1720	哗然	b79-m3-economy-finance	zh+en
band8	L8-1723	滑梯	b79-m3-economy-finance	zh+en
band8	L8-1728	化险为夷	b79-m3-economy-finance	zh+en
band8	L8-1729	化验	b79-m3-economy-finance	zh+en
band8	L8-1743	怀着	b79-m3-tech-innovation	zh+en
band8	L8-1744	槐树	b79-m3-tech-innovation	zh+en
band8	L8-1747	欢聚	b79-m3-tech-innovation	zh+en
band8	L8-1749	欢声笑语	b79-m3-tech-innovation	zh+en
band8	L8-1759	幻影	b79-m3-tech-innovation	zh+en
band8	L8-1764	唤起	b79-m3-tech-innovation	zh+en
band8	L8-1770	荒诞	b79-m3-tech-innovation	zh+en
band8	L8-1780	恍然大悟	b79-m3-tech-innovation	zh+en
band8	L8-1811	绘声绘色	b79-m3-tech-innovation	zh+en
band8	L8-1818	混凝土	b79-m3-tech-innovation	zh+en
band8	L8-1820	混浊	b79-m3-tech-innovation	zh+en
band8	L8-1828	火候	b79-m3-tech-innovation	zh+en
band8	L8-1831	火辣辣	b79-m3-tech-innovation	zh+en
band8	L8-1845	祸害	b79-m3-tech-innovation	zh+en
band8	L8-1847	豁达	b79-m3-tech-innovation	zh+en
band8	L8-1849	讥笑	b79-m3-tech-innovation	zh+en
band8	L8-1864	基准	b79-m3-tech-innovation	zh+en
band8	L8-1889	急迫	b79-m3-tech-innovation	zh+en
band8	L8-1894	急转弯	b79-m3-tech-innovation	zh+en
band8	L8-1899	集装箱	b79-m3-tech-innovation	zh+en
band8	L8-1903	脊梁	b79-m3-tech-innovation	zh+en
band8	L8-1912	纪念馆	b79-m3-tech-innovation	zh+en
band8	L8-1914	纪实	b79-m3-tech-innovation	zh+en
band8	L8-1935	佳节	b79-m3-tech-innovation	zh+en
band8	L8-1937	家家户户	b79-m3-tech-innovation	zh+en
band8	L8-1939	家境	b79-m3-tech-innovation	zh+en
band8	L8-1940	家禽	b79-m3-tech-innovation	zh+en
band8	L8-1942	家喻户晓	b79-m3-tech-innovation	zh+en
band8	L8-1945	嘉年华	b79-m3-tech-innovation	zh+en
band8	L8-1949	假使	b79-m3-tech-innovation	zh+en
band8	L8-1955	驾驭	b79-m4-meetings-discussion	zh+en
band8	L8-1956	架势	b79-m4-meetings-discussion	zh+en
band8	L8-1962	奸诈	b79-m4-meetings-discussion	zh+en
band8	L8-1963	歼灭	b79-m4-meetings-discussion	zh+en
band8	L8-1964	坚持不懈	b79-m4-meetings-discussion	zh+en
band8	L8-1966	坚实	b79-m4-meetings-discussion	zh+en
band8	L8-1967	坚守	b79-m4-meetings-discussion	zh+en
band8	L8-1973	艰苦奋斗	b79-m4-meetings-discussion	zh+en
band8	L8-1974	艰险	b79-m4-meetings-discussion	zh+en
band8	L8-1975	艰辛	b79-m4-meetings-discussion	zh+en
band8	L8-1977	监管	b79-m4-meetings-discussion	zh+en
band8	L8-1990	检讨	b79-m4-meetings-discussion	zh+en
band8	L8-2001	简要	b79-m4-meetings-discussion	zh+en
band8	L8-2002	简易	b79-m4-meetings-discussion	zh+en
band8	L8-2004	见钱眼开	b79-m4-meetings-discussion	zh+en
band8	L8-2005	见仁见智	b79-m4-meetings-discussion	zh+en
band8	L8-2016	建树	b79-m4-meetings-discussion	zh+en
band8	L8-2025	鉴于	b79-m4-meetings-discussion	zh+en
band8	L8-2039	交锋	b79-m4-meetings-discussion	zh+en
band8	L8-2046	交涉	b79-m4-meetings-discussion	zh+en
band8	L8-2054	娇惯	b79-m4-meetings-discussion	zh+en
band8	L8-2055	娇气	b79-m4-meetings-discussion	zh+en
band8	L8-2062	焦躁	b79-m4-meetings-discussion	zh+en
band8	L8-2063	礁石	b79-m4-meetings-discussion	zh+en
band8	L8-2077	较劲	b79-m4-meetings-discussion	zh+en
band8	L8-2080	教条	b79-m4-meetings-discussion	zh+en
band8	L8-2090	接二连三	b79-m4-meetings-discussion	zh+en
band8	L8-2091	接轨	b79-m4-meetings-discussion	zh+en
band8	L8-2098	接替	b79-m4-meetings-discussion	zh+en
band8	L8-2108	节衣缩食	b79-m4-meetings-discussion	zh+en
band8	L8-2113	结晶	b79-m4-meetings-discussion	zh+en
band8	L8-2116	结尾	b79-m4-meetings-discussion	zh+en
band8	L8-2120	竭力	b79-m4-meetings-discussion	zh+en
band8	L8-2129	解围	b79-m4-meetings-discussion	zh+en
band8	L8-2137	届时	b79-m4-meetings-discussion	zh+en
band8	L8-2142	借条	b79-m4-meetings-discussion	zh+en
band8	L8-2149	津贴	b79-m4-meetings-discussion	zh+en
band8	L8-2159	紧缩	b79-m4-meetings-discussion	zh+en
band8	L8-2160	锦旗	b79-m4-meetings-discussion	zh+en
band8	L8-2170	进修	b79-m4-meetings-discussion	zh+en
band8	L8-2172	劲头	b79-m4-negotiation	zh+en
band8	L8-2174	浸泡	b79-m4-negotiation	zh+en
band8	L8-2180	经久不息	b79-m4-negotiation	zh+en
band8	L8-2181	经贸	b79-m4-negotiation	zh+en
band8	L8-2182	经商	b79-m4-negotiation	zh+en
band8	L8-2184	荆棘	b79-m4-negotiation	zh+en
band8	L8-2186	惊诧	b79-m4-negotiation	zh+en
band8	L8-2191	惊天动地	b79-m4-negotiation	zh+en
band8	L8-2192	惊险	b79-m4-negotiation	zh+en
band8	L8-2193	惊心动魄	b79-m4-negotiation	zh+en
band8	L8-2196	晶莹	b79-m4-negotiation	zh+en
band8	L8-2197	兢兢业业	b79-m4-negotiation	zh+en
band8	L8-2198	精打细算	b79-m4-negotiation	zh+en
band8	L8-2199	精华	b79-m4-negotiation	zh+en
band8	L8-2203	精明	b79-m4-negotiation	zh+en
band8	L8-2209	精细	b79-m4-negotiation	zh+en
band8	L8-2211	精益求精	b79-m4-negotiation	zh+en
band8	L8-2212	精英	b79-m4-negotiation	zh+en
band8	L8-2213	精致	b79-m4-negotiation	zh+en
band8	L8-2216	景区	b79-m4-negotiation	zh+en
band8	L8-2220	警钟	b79-m4-negotiation	zh+en
band8	L8-2223	竞相	b79-m4-negotiation	zh+en
band8	L8-2229	敬而远之	b79-m4-negotiation	zh+en
band8	L8-2232	敬佩	b79-m4-negotiation	zh+en
band8	L8-2241	境外	b79-m4-negotiation	zh+en
band8	L8-2242	境遇	b79-m4-negotiation	zh+en
band8	L8-2243	窘迫	b79-m4-negotiation	zh+en
band8	L8-2246	久违	b79-m4-negotiation	zh+en
band8	L8-2247	久仰	b79-m4-negotiation	zh+en
band8	L8-2252	救治	b79-m4-negotiation	zh+en
band8	L8-2257	就任	b79-m4-negotiation	zh+en
band8	L8-2258	就医	b79-m4-negotiation	zh+en
band8	L8-2260	就职	b79-m4-negotiation	zh+en
band8	L8-2261	就座	b79-m4-negotiation	zh+en
band8	L8-2264	拘束	b79-m4-negotiation	zh+en
band8	L8-2265	居高临下	b79-m4-negotiation	zh+en
band8	L8-2266	居民楼	b79-m4-negotiation	zh+en
band8	L8-2270	局限	b79-m4-negotiation	zh+en
band8	L8-2275	举措	b79-m4-negotiation	zh+en
band8	L8-2277	举世闻名	b79-m4-negotiation	zh+en
band8	L8-2278	举世无双	b79-m4-negotiation	zh+en
band8	L8-2279	举世瞩目	b79-m4-negotiation	zh+en
band8	L8-2280	举一反三	b79-m4-negotiation	zh+en
band8	L8-2283	巨额	b79-m4-negotiation	zh+en
band8	L8-2285	巨头	b79-m4-negotiation	zh+en
band8	L8-2286	巨星	b79-m4-negotiation	zh+en
band8	L8-2287	巨型	b79-m4-negotiation	zh+en
band8	L8-2289	剧目	b79-m4-negotiation	zh+en
band8	L8-2290	剧情	b79-m4-negotiation	zh+en
band8	L8-2291	剧团	b79-m4-negotiation	zh+en
band8	L8-2293	剧组	b79-m4-negotiation	zh+en
band8	L8-2295	据悉	b79-m4-negotiation	zh+en
band8	L8-2304	决议	b79-m4-negotiation	zh+en
band8	L8-2306	诀窍	b79-m4-negotiation	zh+en
band8	L8-2307	角逐	b79-m4-negotiation	zh+en
band8	L8-2309	绝技	b79-m4-negotiation	zh+en
band8	L8-2310	绝缘	b79-m4-negotiation	zh+en
band8	L8-2311	绝招	b79-m4-negotiation	zh+en
band8	L8-2313	崛起	b79-m4-negotiation	zh+en
band8	L8-2316	军官	b79-m4-negotiation	zh+en
band8	L8-2321	俊俏	b79-m4-negotiation	zh+en
band8	L8-2322	骏马	b79-m4-negotiation	zh+en
band8	L8-2323	竣工	b79-m4-negotiation	zh+en
band8	L8-2333	开发区	b79-m4-negotiation	zh+en
band8	L8-2334	开发商	b79-m4-negotiation	zh+en
band8	L8-2335	开工	b79-m4-negotiation	zh+en
band8	L8-2336	开垦	b79-m4-negotiation	zh+en
band8	L8-2338	开阔	b79-m4-negotiation	zh+en
band8	L8-2343	开天辟地	b79-m4-negotiation	zh+en
band8	L8-2348	凯歌	b79-m4-negotiation	zh+en
band8	L8-2349	楷模	b79-m4-negotiation	zh+en
band8	L8-2351	刊物	b79-m4-negotiation	zh+en
band8	L8-2353	勘探	b79-m4-negotiation	zh+en
band8	L8-2361	看样子	b79-m4-negotiation	zh+en
band8	L8-2366	抗衡	b79-m4-negotiation	zh+en
band8	L8-2368	抗生素	b79-m4-negotiation	zh+en
band8	L8-2369	抗争	b79-m4-negotiation	zh+en
band8	L8-2372	靠拢	b79-m4-negotiation	zh+en
band8	L8-2380	可悲	b79-m4-negotiation	zh+en
band8	L8-2382	可乘之机	b79-m4-negotiation	zh+en
band8	L8-2384	可歌可泣	b79-m4-negotiation	zh+en
band8	L8-2388	可谓	b79-m4-formal-writing	zh+en
band8	L8-2395	克隆	b79-m4-formal-writing	zh+en
band8	L8-2398	刻意	b79-m4-formal-writing	zh+en
band8	L8-2399	刻舟求剑	b79-m4-formal-writing	zh+en
band8	L8-2402	客流	b79-m4-formal-writing	zh+en
band8	L8-2403	客运	b79-m4-formal-writing	zh+en
band8	L8-2409	空前	b79-m4-formal-writing	zh+en
band8	L8-2410	空想	b79-m4-formal-writing	zh+en
band8	L8-2421	抠	b79-m4-formal-writing	zh+en
band8	L8-2426	口径	b79-m4-formal-writing	zh+en
band8	L8-2429	口腔	b79-m4-formal-writing	zh+en
band8	L8-2437	口子	b79-m4-formal-writing	zh+en
band8	L8-2439	扣留	b79-m4-formal-writing	zh+en
band8	L8-2440	扣人心弦	b79-m4-formal-writing	zh+en
band8	L8-2445	窟窿	b79-m4-formal-writing	zh+en
band8	L8-2446	苦力	b79-m4-formal-writing	zh+en
band8	L8-2447	苦练	b79-m4-formal-writing	zh+en
band8	L8-2449	苦恼	b79-m4-formal-writing	zh+en
band8	L8-2451	苦心	b79-m4-formal-writing	zh+en
band8	L8-2456	夸夸其谈	b79-m4-formal-writing	zh+en
band8	L8-2457	夸耀	b79-m4-formal-writing	zh+en
band8	L8-2465	宽泛	b79-m4-formal-writing	zh+en
band8	L8-2466	宽厚	b79-m4-formal-writing	zh+en
band8	L8-2468	宽恕	b79-m4-formal-writing	zh+en
band8	L8-2472	筐	b79-m4-formal-writing	zh+en
band8	L8-2491	括弧	b79-m4-formal-writing	zh+en
band8	L8-2492	阔绰	b79-m4-formal-writing	zh+en
band8	L8-2494	拉拢	b79-m4-formal-writing	zh+en
band8	L8-2495	拉锁	b79-m4-formal-writing	zh+en
band8	L8-2498	腊月	b79-m4-formal-writing	zh+en
band8	L8-2502	来宾	b79-m4-formal-writing	zh+en
band8	L8-2506	来历	b79-m4-formal-writing	zh+en
band8	L8-2508	来龙去脉	b79-m4-formal-writing	zh+en
band8	L8-2514	蓝图	b79-m4-formal-writing	zh+en
band8	L8-2515	揽	b79-m4-formal-writing	zh+en
band8	L8-2521	狼狈	b79-m4-formal-writing	zh+en
band8	L8-2522	朗诵	b79-m4-formal-writing	zh+en
band8	L8-2525	劳动力	b79-m4-formal-writing	zh+en
band8	L8-2527	劳务	b79-m4-formal-writing	zh+en
band8	L8-2532	老伴儿	b79-m4-formal-writing	zh+en
band8	L8-2534	老汉	b79-m4-formal-writing	zh+en
band8	L8-2539	老字号	b79-m4-formal-writing	zh+en
band8	L8-2541	姥爷	b79-m4-formal-writing	zh+en
band8	L8-2542	涝	b79-m4-formal-writing	zh+en
band8	L8-2546	雷同	b79-m4-formal-writing	zh+en
band8	L8-2548	累计	b79-m4-formal-writing	zh+en
band8	L8-2550	棱角	b79-m4-formal-writing	zh+en
band8	L8-2556	冷门	b79-m4-formal-writing	zh+en
band8	L8-2558	冷笑	b79-m4-formal-writing	zh+en
band8	L8-2560	愣	b79-m4-formal-writing	zh+en
band8	L8-2561	离谱儿	b79-m4-formal-writing	zh+en
band8	L8-2562	离奇	b79-m4-formal-writing	zh+en
band8	L8-2563	离职	b79-m4-formal-writing	zh+en
band8	L8-2576	理直气壮	b79-m4-formal-writing	zh+en
band8	L8-2577	力不从心	b79-m4-formal-writing	zh+en
band8	L8-2578	力度	b79-m4-formal-writing	zh+en
band8	L8-2579	力求	b79-m4-formal-writing	zh+en
band8	L8-2582	历程	b79-m4-formal-writing	zh+en
band8	L8-2583	历届	b79-m4-formal-writing	zh+en
band8	L8-2584	历经	b79-m4-formal-writing	zh+en
band8	L8-2588	立方米	b79-m4-formal-writing	zh+en
band8	L8-2590	立交桥	b79-m4-formal-writing	zh+en
band8	L8-2593	励志	b79-m4-formal-writing	zh+en
band8	L8-2594	利害	b79-m4-formal-writing	zh+en
band8	L8-2596	利索	b79-m4-formal-writing	zh+en
band8	L8-2598	连滚带爬	b79-m4-formal-writing	zh+en
band8	L8-2600	连任	b79-m4-formal-writing	zh+en
band8	L8-2601	连锁	b79-m4-formal-writing	zh+en
band8	L8-2602	连锁店	b79-m4-formal-writing	zh+en
band8	L8-2603	连夜	b79-m4-formal-writing	zh+en
band8	L8-2604	怜惜	b79-m4-formal-writing	zh+en
band8	L8-2606	莲子	b79-m5-idiomatic-social	zh+en
band8	L8-2608	联欢	b79-m5-idiomatic-social	zh+en
band8	L8-2611	廉洁	b79-m5-idiomatic-social	zh+en
band8	L8-2612	廉正	b79-m5-idiomatic-social	zh+en
band8	L8-2613	廉政	b79-m5-idiomatic-social	zh+en
band8	L8-2616	恋恋不舍	b79-m5-idiomatic-social	zh+en
band8	L8-2619	良性	b79-m5-idiomatic-social	zh+en
band8	L8-2621	两口子	b79-m5-idiomatic-social	zh+en
band8	L8-2624	亮丽	b79-m5-idiomatic-social	zh+en
band8	L8-2625	亮相	b79-m5-idiomatic-social	zh+en
band8	L8-2626	谅解	b79-m5-idiomatic-social	zh+en
band8	L8-2631	潦草	b79-m5-idiomatic-social	zh+en
band8	L8-2633	了却	b79-m5-idiomatic-social	zh+en
band8	L8-2636	咧嘴	b79-m5-idiomatic-social	zh+en
band8	L8-2637	列举	b79-m5-idiomatic-social	zh+en
band8	L8-2638	劣势	b79-m5-idiomatic-social	zh+en
band8	L8-2639	劣质	b79-m5-idiomatic-social	zh+en
band8	L8-2640	烈士	b79-m5-idiomatic-social	zh+en
band8	L8-2644	裂痕	b79-m5-idiomatic-social	zh+en
band8	L8-2645	拎	b79-m5-idiomatic-social	zh+en
band8	L8-2655	灵机一动	b79-m5-idiomatic-social	zh+en
band8	L8-2657	灵巧	b79-m5-idiomatic-social	zh+en
band8	L8-2658	灵通	b79-m5-idiomatic-social	zh+en
band8	L8-2660	零花钱	b79-m5-idiomatic-social	zh+en
band8	L8-2664	领队	b79-m5-idiomatic-social	zh+en
band8	L8-2666	领军	b79-m5-idiomatic-social	zh+en
band8	L8-2667	领略	b79-m5-idiomatic-social	zh+en
band8	L8-2671	领悟	b79-m5-idiomatic-social	zh+en
band8	L8-2690	流入	b79-m5-idiomatic-social	zh+en
band8	L8-2691	流失	b79-m5-idiomatic-social	zh+en
band8	L8-2692	流水	b79-m5-idiomatic-social	zh+en
band8	L8-2693	流淌	b79-m5-idiomatic-social	zh+en
band8	L8-2694	流向	b79-m5-idiomatic-social	zh+en
band8	L8-2696	流域	b79-m5-idiomatic-social	zh+en
band8	L8-2698	柳树	b79-m5-idiomatic-social	zh+en
band8	L8-2702	聋人	b79-m5-idiomatic-social	zh+en
band8	L8-2706	笼统	b79-m5-idiomatic-social	zh+en
band8	L8-2708	搂	b79-m5-idiomatic-social	zh+en
band8	L8-2710	芦花	b79-m5-idiomatic-social	zh+en
band8	L8-2713	卤味	b79-m5-idiomatic-social	zh+en
band8	L8-2718	路灯	b79-m5-idiomatic-social	zh+en
band8	L8-2719	路段	b79-m5-idiomatic-social	zh+en
band8	L8-2720	路况	b79-m5-idiomatic-social	zh+en
band8	L8-2722	路人	b79-m5-idiomatic-social	zh+en
band8	L8-2723	路途	b79-m5-idiomatic-social	zh+en
band8	L8-2724	路子	b79-m5-idiomatic-social	zh+en
band8	L8-2725	露天	b79-m5-idiomatic-social	zh+en
band8	L8-2729	屡	b79-m5-idiomatic-social	zh+en
band8	L8-2731	缕	b79-m5-idiomatic-social	zh+en
band8	L8-2736	孪生	b79-m5-idiomatic-social	zh+en
band8	L8-2739	掠夺	b79-m5-idiomatic-social	zh+en
band8	L8-2741	略微	b79-m5-idiomatic-social	zh+en
band8	L8-2742	抡	b79-m5-idiomatic-social	zh+en
band8	L8-2743	伦理	b79-m5-idiomatic-social	zh+en
band8	L8-2748	论述	b79-m5-idiomatic-social	zh+en
band8	L8-2755	裸露	b79-m5-idiomatic-social	zh+en
band8	L8-2756	络绎不绝	b79-m5-idiomatic-social	zh+en
band8	L8-2757	落差	b79-m5-idiomatic-social	zh+en
band8	L8-2758	落地	b79-m5-idiomatic-social	zh+en
band8	L8-2763	麻痹	b79-m5-idiomatic-social	zh+en
band8	L8-2765	麻辣	b79-m5-idiomatic-social	zh+en
band8	L8-2766	麻木	b79-m5-idiomatic-social	zh+en
band8	L8-2775	埋藏	b79-m5-idiomatic-social	zh+en
band8	L8-2780	迈进	b79-m5-idiomatic-social	zh+en
band8	L8-2790	漫游	b79-m5-idiomatic-social	zh+en
band8	L8-2793	忙活	b79-m5-idiomatic-social	zh+en
band8	L8-2795	忙乱	b79-m5-idiomatic-social	zh+en
band8	L8-2798	矛头	b79-m5-idiomatic-social	zh+en
band8	L8-2799	茅台	b79-m5-idiomatic-social	zh+en
band8	L8-2802	冒充	b79-m5-idiomatic-social	zh+en
band8	L8-2804	冒昧	b79-m5-idiomatic-social	zh+en
band8	L8-2810	没辙	b79-m5-idiomatic-social	zh+en
band8	L8-2811	没准儿	b79-m5-idiomatic-social	zh+en
band8	L8-2814	眉开眼笑	b79-m5-idiomatic-social	zh+en
band8	L8-2821	美观	b79-m5-idiomatic-social	zh+en
band8	L8-2829	美滋滋	b79-m5-register-shift	zh+en
band8	L8-2835	门路	b79-m5-register-shift	zh+en
band8	L8-2837	萌发	b79-m5-register-shift	zh+en
band8	L8-2838	萌芽	b79-m5-register-shift	zh+en
band8	L8-2840	朦胧	b79-m5-register-shift	zh+en
band8	L8-2841	猛烈	b79-m5-register-shift	zh+en
band8	L8-2842	猛然	b79-m5-register-shift	zh+en
band8	L8-2843	梦幻	b79-m5-register-shift	zh+en
band8	L8-2848	迷恋	b79-m5-register-shift	zh+en
band8	L8-2852	谜底	b79-m5-register-shift	zh+en
band8	L8-2854	谜语	b79-m5-register-shift	zh+en
band8	L8-2856	秘诀	b79-m5-register-shift	zh+en
band8	L8-2860	密集	b79-m5-register-shift	zh+en
band8	L8-2867	免除	b79-m5-register-shift	zh+en
band8	L8-2871	缅怀	b79-m5-register-shift	zh+en
band8	L8-2872	面部	b79-m5-register-shift	zh+en
band8	L8-2875	面面俱到	b79-m5-register-shift	zh+en
band8	L8-2876	面目全非	b79-m5-register-shift	zh+en
band8	L8-2879	苗头	b79-m5-register-shift	zh+en
band8	L8-2884	庙会	b79-m5-register-shift	zh+en
band8	L8-2887	民办	b79-m5-register-shift	zh+en
band8	L8-2888	民俗	b79-m5-register-shift	zh+en
band8	L8-2893	名副其实	b79-m5-register-shift	zh+en
band8	L8-2895	名利	b79-m5-register-shift	zh+en
band8	L8-2898	名言	b79-m5-register-shift	zh+en
band8	L8-2899	名著	b79-m5-register-shift	zh+en
band8	L8-2901	明媚	b79-m5-register-shift	zh+en
band8	L8-2909	磨合	b79-m5-register-shift	zh+en
band8	L8-2910	磨难	b79-m5-register-shift	zh+en
band8	L8-2911	磨损	b79-m5-register-shift	zh+en
band8	L8-2917	没落	b79-m5-register-shift	zh+en
band8	L8-2920	莫过于	b79-m5-register-shift	zh+en
band8	L8-2921	莫名其妙	b79-m5-register-shift	zh+en
band8	L8-2922	漠然	b79-m5-register-shift	zh+en
band8	L8-2924	默读	b79-m5-register-shift	zh+en
band8	L8-2927	谋害	b79-m5-register-shift	zh+en
band8	L8-2928	谋求	b79-m5-register-shift	zh+en
band8	L8-2930	牡丹	b79-m5-register-shift	zh+en
band8	L8-2936	目不转睛	b79-m5-register-shift	zh+en
band8	L8-2940	目录	b79-m5-register-shift	zh+en
band8	L8-2944	牧民	b79-m5-register-shift	zh+en
band8	L8-2946	墓碑	b79-m5-register-shift	zh+en
band8	L8-2947	墓地	b79-m5-register-shift	zh+en
band8	L8-2952	哪知道	b79-m5-register-shift	zh+en
band8	L8-2953	呐喊	b79-m5-register-shift	zh+en
band8	L8-2954	纳闷儿	b79-m5-register-shift	zh+en
band8	L8-2959	乃至	b79-m5-register-shift	zh+en
band8	L8-2961	耐人寻味	b79-m5-register-shift	zh+en
band8	L8-2965	难得一见	b79-m5-register-shift	zh+en
band8	L8-2974	挠	b79-m5-register-shift	zh+en
band8	L8-2975	恼羞成怒	b79-m5-register-shift	zh+en
band8	L8-2981	内阁	b79-m5-register-shift	zh+en
band8	L8-2982	内涵	b79-m5-register-shift	zh+en
band8	L8-2984	内幕	b79-m5-register-shift	zh+en
band8	L8-2988	能耗	b79-m5-register-shift	zh+en
band8	L8-2989	能耐	b79-m5-register-shift	zh+en
band8	L8-2993	泥潭	b79-m5-register-shift	zh+en
band8	L8-2994	泥土	b79-m5-register-shift	zh+en
band8	L8-2996	拟定	b79-m5-register-shift	zh+en
band8	L8-2999	年画	b79-m5-register-shift	zh+en
band8	L8-3001	年限	b79-m5-register-shift	zh+en
band8	L8-3002	年薪	b79-m5-register-shift	zh+en
band8	L8-3004	年终	b79-m5-register-shift	zh+en
band8	L8-3006	念念不忘	b79-m5-register-shift	zh+en
band8	L8-3007	念书	b79-m5-register-shift	zh+en
band8	L8-3011	鸟巢	b79-m5-register-shift	zh+en
band8	L8-3016	凝聚	b79-m5-register-shift	zh+en
band8	L8-3021	扭头	b79-m5-register-shift	zh+en
band8	L8-3023	纽带	b79-m5-register-shift	zh+en
band8	L8-3027	农民工	b79-m5-register-shift	zh+en
band8	L8-3029	浓厚	b79-m5-register-shift	zh+en
band8	L8-3031	浓郁	b79-m5-register-shift	zh+en
band8	L8-3032	浓重	b79-m5-register-shift	zh+en
band8	L8-3033	弄虚作假	b79-m5-register-shift	zh+en
band8	L8-3036	暖烘烘	b79-m5-register-shift	zh+en
band8	L8-3044	拍板	b79-m5-emotional-subtlety	zh+en
band8	L8-3046	拍戏	b79-m5-emotional-subtlety	zh+en
band8	L8-3047	排斥	b79-m5-emotional-subtlety	zh+en
band8	L8-3050	徘徊	b79-m5-emotional-subtlety	zh+en
band8	L8-3052	派别	b79-m5-emotional-subtlety	zh+en
band8	L8-3057	盘算	b79-m5-emotional-subtlety	zh+en
band8	L8-3062	叛逆	b79-m5-emotional-subtlety	zh+en
band8	L8-3068	刨	b79-m5-emotional-subtlety	zh+en
band8	L8-3070	跑道	b79-m5-emotional-subtlety	zh+en
band8	L8-3071	跑龙套	b79-m5-emotional-subtlety	zh+en
band8	L8-3072	泡沫	b79-m5-emotional-subtlety	zh+en
band8	L8-3073	胚胎	b79-m5-emotional-subtlety	zh+en
band8	L8-3075	陪葬	b79-m5-emotional-subtlety	zh+en
band8	L8-3076	赔钱	b79-m5-emotional-subtlety	zh+en
band8	L8-3079	配偶	b79-m5-emotional-subtlety	zh+en
band8	L8-3080	配送	b79-m5-emotional-subtlety	zh+en
band8	L8-3081	配音	b79-m5-emotional-subtlety	zh+en
band8	L8-3085	蓬勃	b79-m5-emotional-subtlety	zh+en
band8	L8-3089	捧场	b79-m5-emotional-subtlety	zh+en
band8	L8-3094	批发	b79-m5-emotional-subtlety	zh+en
band8	L8-3095	批判	b79-m5-emotional-subtlety	zh+en
band8	L8-3096	披露	b79-m5-emotional-subtlety	zh+en
band8	L8-3098	皮带	b79-m5-emotional-subtlety	zh+en
band8	L8-3100	疲惫不堪	b79-m5-emotional-subtlety	zh+en
band8	L8-3105	媲美	b79-m5-emotional-subtlety	zh+en
band8	L8-3106	僻静	b79-m5-emotional-subtlety	zh+en
band8	L8-3110	偏差	b79-m5-emotional-subtlety	zh+en
band8	L8-3111	偏方	b79-m5-emotional-subtlety	zh+en
band8	L8-3114	偏偏	b79-m5-emotional-subtlety	zh+en
band8	L8-3117	篇幅	b79-m5-emotional-subtlety	zh+en
band8	L8-3118	片段	b79-m5-emotional-subtlety	zh+en
band8	L8-3122	票房	b79-m5-emotional-subtlety	zh+en
band8	L8-3124	拼搏	b79-m5-emotional-subtlety	zh+en
band8	L8-3128	频率	b79-m5-emotional-subtlety	zh+en
band8	L8-3129	频频	b79-m5-emotional-subtlety	zh+en
band8	L8-3131	品德	b79-m5-emotional-subtlety	zh+en
band8	L8-3135	聘任	b79-m5-emotional-subtlety	zh+en
band8	L8-3138	平常心	b79-m5-emotional-subtlety	zh+en
band8	L8-3141	平价	b79-m5-emotional-subtlety	zh+en
band8	L8-3146	评定	b79-m5-emotional-subtlety	zh+en
band8	L8-3149	评审	b79-m5-emotional-subtlety	zh+en
band8	L8-3150	评委	b79-m5-emotional-subtlety	zh+en
band8	L8-3153	凭证	b79-m5-emotional-subtlety	zh+en
band8	L8-3154	瓶颈	b79-m5-emotional-subtlety	zh+en
band8	L8-3156	泼冷水	b79-m5-emotional-subtlety	zh+en
band8	L8-3160	迫使	b79-m5-emotional-subtlety	zh+en
band8	L8-3161	破案	b79-m5-emotional-subtlety	zh+en
band8	L8-3162	破除	b79-m5-emotional-subtlety	zh+en
band8	L8-3163	破解	b79-m5-emotional-subtlety	zh+en
band8	L8-3168	魄力	b79-m5-emotional-subtlety	zh+en
band8	L8-3172	菩萨	b79-m5-emotional-subtlety	zh+en
band8	L8-3173	朴实	b79-m5-emotional-subtlety	zh+en
band8	L8-3178	七嘴八舌	b79-m5-emotional-subtlety	zh+en
band8	L8-3183	欺诈	b79-m5-emotional-subtlety	zh+en
band8	L8-3186	其后	b79-m5-emotional-subtlety	zh+en
band8	L8-3187	其间	b79-m5-emotional-subtlety	zh+en
band8	L8-3188	奇花异草	b79-m5-emotional-subtlety	zh+en
band8	L8-3198	乞求	b79-m5-emotional-subtlety	zh+en
band8	L8-3199	乞讨	b79-m5-emotional-subtlety	zh+en
band8	L8-3201	启迪	b79-m5-emotional-subtlety	zh+en
band8	L8-3202	启蒙	b79-m5-emotional-subtlety	zh+en
band8	L8-3205	起草	b79-m5-emotional-subtlety	zh+en
band8	L8-3209	起劲	b79-m5-emotional-subtlety	zh+en
band8	L8-3210	起跑线	b79-m5-emotional-subtlety	zh+en
band8	L8-3213	气管	b79-m5-emotional-subtlety	zh+en
band8	L8-3215	气派	b79-m5-emotional-subtlety	zh+en
band8	L8-3216	气泡	b79-m5-emotional-subtlety	zh+en
band8	L8-3217	气魄	b79-m5-emotional-subtlety	zh+en
band8	L8-3218	气势	b79-m5-emotional-subtlety	zh+en
band8	L8-3224	契机	b79-m5-emotional-subtlety	zh+en
band8	L8-3226	器材	b79-m5-emotional-subtlety	zh+en
band8	L8-3227	器械	b79-m5-emotional-subtlety	zh+en
band8	L8-3230	卡子	b79-m5-emotional-subtlety	zh+en
band8	L8-3232	恰到好处	b79-m5-emotional-subtlety	zh+en
band8	L8-3236	千变万化	b79-m5-emotional-subtlety	zh+en
band8	L8-3237	千方百计	b79-m5-emotional-subtlety	zh+en
band8	L8-3238	千家万户	b79-m5-emotional-subtlety	zh+en
band8	L8-3242	迁就	b79-m5-emotional-subtlety	zh+en
band8	L8-3246	牵涉	b79-m5-emotional-subtlety	zh+en
band8	L8-3247	牵头	b79-m5-emotional-subtlety	zh+en
band8	L8-3248	牵制	b79-m5-emotional-subtlety	zh+en
band8	L8-3253	前辈	b79-m5-emotional-subtlety	zh+en
band8	L8-3254	前不久	b79-m5-emotional-subtlety	zh+en
band8	L8-3255	前赴后继	b79-m5-emotional-subtlety	zh+en
band8	L8-3256	前期	b79-m6-chengyu	zh+en
band8	L8-3257	前任	b79-m6-chengyu	zh+en
band8	L8-3262	前线	b79-m6-chengyu	zh+en
band8	L8-3263	前沿	b79-m6-chengyu	zh+en
band8	L8-3269	潜能	b79-m6-chengyu	zh+en
band8	L8-3271	潜艇	b79-m6-chengyu	zh+en
band8	L8-3273	潜在	b79-m6-chengyu	zh+en
band8	L8-3275	欠缺	b79-m6-chengyu	zh+en
band8	L8-3276	欠条	b79-m6-chengyu	zh+en
band8	L8-3278	呛	b79-m6-chengyu	zh+en
band8	L8-3286	强占	b79-m6-chengyu	zh+en
band8	L8-3288	抢夺	b79-m6-chengyu	zh+en
band8	L8-3290	抢眼	b79-m6-chengyu	zh+en
band8	L8-3291	敲边鼓	b79-m6-chengyu	zh+en
band8	L8-3292	敲诈	b79-m6-chengyu	zh+en
band8	L8-3293	乔装	b79-m6-chengyu	zh+en
band8	L8-3296	窍门	b79-m6-chengyu	zh+en
band8	L8-3307	侵害	b79-m6-chengyu	zh+en
band8	L8-3309	侵权	b79-m6-chengyu	zh+en
band8	L8-3310	侵占	b79-m6-chengyu	zh+en
band8	L8-3311	亲和力	b79-m6-chengyu	zh+en
band8	L8-3315	亲情	b79-m6-chengyu	zh+en
band8	L8-3316	亲热	b79-m6-chengyu	zh+en
band8	L8-3320	亲友	b79-m6-chengyu	zh+en
band8	L8-3322	勤快	b79-m6-chengyu	zh+en
band8	L8-3324	寝室	b79-m6-chengyu	zh+en
band8	L8-3325	青春期	b79-m6-chengyu	zh+en
band8	L8-3328	轻蔑	b79-m6-chengyu	zh+en
band8	L8-3330	轻型	b79-m6-chengyu	zh+en
band8	L8-3331	倾家荡产	b79-m6-chengyu	zh+en
band8	L8-3332	倾诉	b79-m6-chengyu	zh+en
band8	L8-3334	倾销	b79-m6-chengyu	zh+en
band8	L8-3337	清脆	b79-m6-chengyu	zh+en
band8	L8-3340	清静	b79-m6-chengyu	zh+en
band8	L8-3341	清凉	b79-m6-chengyu	zh+en
band8	L8-3342	清明	b79-m6-chengyu	zh+en
band8	L8-3344	清新	b79-m6-chengyu	zh+en
band8	L8-3350	情怀	b79-m6-chengyu	zh+en
band8	L8-3356	请柬	b79-m6-chengyu	zh+en
band8	L8-3359	庆贺	b79-m6-chengyu	zh+en
band8	L8-3364	求救	b79-m6-chengyu	zh+en
band8	L8-3366	求医	b79-m6-chengyu	zh+en
band8	L8-3367	求证	b79-m6-chengyu	zh+en
band8	L8-3369	曲线	b79-m6-chengyu	zh+en
band8	L8-3370	曲折	b79-m6-chengyu	zh+en
band8	L8-3377	取缔	b79-m6-chengyu	zh+en
band8	L8-3379	取经	b79-m6-chengyu	zh+en
band8	L8-3387	去向	b79-m6-chengyu	zh+en
band8	L8-3391	权衡	b79-m6-chengyu	zh+en
band8	L8-3393	权益	b79-m6-chengyu	zh+en
band8	L8-3394	全长	b79-m6-chengyu	zh+en
band8	L8-3395	全程	b79-m6-chengyu	zh+en
band8	L8-3396	全方位	b79-m6-chengyu	zh+en
band8	L8-3397	全局	b79-m6-chengyu	zh+en
band8	L8-3400	全文	b79-m6-chengyu	zh+en
band8	L8-3405	劝说	b79-m6-chengyu	zh+en
band8	L8-3407	缺口	b79-m6-chengyu	zh+en
band8	L8-3413	确诊	b79-m6-chengyu	zh+en
band8	L8-3414	燃放	b79-m6-chengyu	zh+en
band8	L8-3415	燃气	b79-m6-chengyu	zh+en
band8	L8-3427	热气球	b79-m6-chengyu	zh+en
band8	L8-3430	人次	b79-m6-chengyu	zh+en
band8	L8-3434	人均	b79-m6-chengyu	zh+en
band8	L8-3443	人文	b79-m6-chengyu	zh+en
band8	L8-3447	人缘儿	b79-m6-chengyu	zh+en
band8	L8-3451	忍饥挨饿	b79-m6-chengyu	zh+en
band8	L8-3453	忍心	b79-m6-chengyu	zh+en
band8	L8-3461	任职	b79-m6-chengyu	zh+en
band8	L8-3467	日趋	b79-m6-chengyu	zh+en
band8	L8-3470	荣获	b79-m6-chengyu	zh+en
band8	L8-3474	容量	b79-m6-literary-connectors	zh+en
band8	L8-3478	容颜	b79-m6-literary-connectors	zh+en
band8	L8-3479	溶解	b79-m6-literary-connectors	zh+en
band8	L8-3484	柔和	b79-m6-literary-connectors	zh+en
band8	L8-3488	如实	b79-m6-literary-connectors	zh+en
band8	L8-3492	儒家	b79-m6-literary-connectors	zh+en
band8	L8-3493	儒学	b79-m6-literary-connectors	zh+en
band8	L8-3498	入手	b79-m6-literary-connectors	zh+en
band8	L8-3499	入选	b79-m6-literary-connectors	zh+en
band8	L8-3501	软实力	b79-m6-literary-connectors	zh+en
band8	L8-3504	若干	b79-m6-literary-connectors	zh+en
band8	L8-3509	赛车	b79-m6-literary-connectors	zh+en
band8	L8-3513	三维	b79-m6-literary-connectors	zh+en
band8	L8-3514	散布	b79-m6-literary-connectors	zh+en
band8	L8-3519	骚乱	b79-m6-literary-connectors	zh+en
band8	L8-3521	扫除	b79-m6-literary-connectors	zh+en
band8	L8-3523	扫墓	b79-m6-literary-connectors	zh+en
band8	L8-3524	扫兴	b79-m6-literary-connectors	zh+en
band8	L8-3526	僧人	b79-m6-literary-connectors	zh+en
band8	L8-3529	沙龙	b79-m6-literary-connectors	zh+en
band8	L8-3536	筛	b79-m6-literary-connectors	zh+en
band8	L8-3537	筛选	b79-m6-literary-connectors	zh+en
band8	L8-3539	山川	b79-m6-literary-connectors	zh+en
band8	L8-3542	山岭	b79-m6-literary-connectors	zh+en
band8	L8-3543	山路	b79-m6-literary-connectors	zh+en
band8	L8-3552	擅自	b79-m6-literary-connectors	zh+en
band8	L8-3555	伤残	b79-m6-literary-connectors	zh+en
band8	L8-3560	商贩	b79-m6-literary-connectors	zh+en
band8	L8-3561	商贾	b79-m6-literary-connectors	zh+en
band8	L8-3566	上岗	b79-m6-literary-connectors	zh+en
band8	L8-3569	上流	b79-m6-literary-connectors	zh+en
band8	L8-3570	上期	b79-m6-literary-connectors	zh+en
band8	L8-3572	上述	b79-m6-literary-connectors	zh+en
band8	L8-3575	上调	b79-m6-literary-connectors	zh+en
band8	L8-3577	上限	b79-m6-literary-connectors	zh+en
band8	L8-3578	上旬	b79-m6-literary-connectors	zh+en
band8	L8-3584	捎	b79-m6-literary-connectors	zh+en
band8	L8-3589	稍稍	b79-m6-literary-connectors	zh+en
band8	L8-3590	少不了	b79-m6-literary-connectors	zh+en
band8	L8-3594	少林寺	b79-m6-literary-connectors	zh+en
band8	L8-3603	社论	b79-m6-literary-connectors	zh+en
band8	L8-3605	涉嫌	b79-m6-literary-connectors	zh+en
band8	L8-3606	摄氏度	b79-m6-literary-connectors	zh+en
band8	L8-3608	申办	b79-m6-literary-connectors	zh+en
band8	L8-3610	申领	b79-m6-literary-connectors	zh+en
band8	L8-3613	伸张	b79-m6-literary-connectors	zh+en
band8	L8-3616	身躯	b79-m6-literary-connectors	zh+en
band8	L8-3623	深情	b79-m6-literary-connectors	zh+en
band8	L8-3635	审定	b79-m6-literary-connectors	zh+en
band8	L8-3636	审核	b79-m6-literary-connectors	zh+en
band8	L8-3639	审批	b79-m6-literary-connectors	zh+en
band8	L8-3641	肾	b79-m6-literary-connectors	zh+en
band8	L8-3648	生理	b79-m6-literary-connectors	zh+en
band8	L8-3649	生命线	b79-m6-literary-connectors	zh+en
band8	L8-3653	生死	b79-m6-literary-connectors	zh+en
band8	L8-3656	生效	b79-m6-literary-connectors	zh+en
band8	L8-3661	声望	b79-m6-literary-connectors	zh+en
band8	L8-3666	省事	b79-m6-literary-connectors	zh+en
band8	L8-3671	盛会	b79-m6-literary-connectors	zh+en
band8	L8-3678	失利	b79-m6-literary-connectors	zh+en
band8	L8-3684	失效	b79-m6-literary-connectors	zh+en
band8	L8-3688	师长	b79-m6-literary-connectors	zh+en
band8	L8-3689	师资	b79-m6-literary-connectors	zh+en
band8	L8-3692	施加	b79-m6-cultural-references	zh+en
band8	L8-3693	施行	b79-m6-cultural-references	zh+en
band8	L8-3695	湿度	b79-m6-cultural-references	zh+en
band8	L8-3700	时隔	b79-m6-cultural-references	zh+en
band8	L8-3703	时空	b79-m6-cultural-references	zh+en
band8	L8-3707	识别	b79-m6-cultural-references	zh+en
band8	L8-3722	士气	b79-m6-cultural-references	zh+en
band8	L8-3725	世代	b79-m6-cultural-references	zh+en
band8	L8-3726	世故	b79-m6-cultural-references	zh+en
band8	L8-3741	试行	b79-m6-cultural-references	zh+en
band8	L8-3753	适量	b79-m6-cultural-references	zh+en
band8	L8-3759	收复	b79-m6-cultural-references	zh+en
band8	L8-3762	收留	b79-m6-cultural-references	zh+en
band8	L8-3763	收买	b79-m6-cultural-references	zh+en
band8	L8-3782	首创	b79-m6-cultural-references	zh+en
band8	L8-3784	首批	b79-m6-cultural-references	zh+en
band8	L8-3790	受害人	b79-m6-cultural-references	zh+en
band8	L8-3791	受贿	b79-m6-cultural-references	zh+en
band8	L8-3794	受理	b79-m6-cultural-references	zh+en
band8	L8-3817	输送	b79-m6-cultural-references	zh+en
band8	L8-3819	输液	b79-m6-cultural-references	zh+en
band8	L8-3823	曙光	b79-m6-cultural-references	zh+en
band8	L8-3836	衰减	b79-m6-cultural-references	zh+en
band8	L8-3847	双边	b79-m6-cultural-references	zh+en
band8	L8-3848	双重	b79-m6-cultural-references	zh+en
band8	L8-3856	水壶	b79-m6-cultural-references	zh+en
band8	L8-3857	水货	b79-m6-cultural-references	zh+en
band8	L8-3859	水利	b79-m6-cultural-references	zh+en
band8	L8-3860	水灵灵	b79-m6-cultural-references	zh+en
band8	L8-3872	睡袋	b79-m6-cultural-references	zh+en
band8	L8-3874	顺差	b79-m6-cultural-references	zh+en
band8	L8-3876	顺从	b79-m6-cultural-references	zh+en
band8	L8-3886	说白了	b79-m6-cultural-references	zh+en
band8	L8-3887	说不上	b79-m6-cultural-references	zh+en
band8	L8-3905	私家车	b79-m6-cultural-references	zh+en
band8	L8-3928	松绑	b79-m7-nominalization	zh+en
band8	L8-3930	耸立	b79-m7-nominalization	zh+en
band8	L8-3931	送别	b79-m7-nominalization	zh+en
band8	L8-3933	搜集	b79-m7-nominalization	zh+en
band8	L8-3934	搜救	b79-m7-nominalization	zh+en
band8	L8-3959	随大溜	b79-m7-nominalization	zh+en
band8	L8-3990	泰斗	b79-m7-nominalization	zh+en
band8	L8-4014	探亲	b79-m7-nominalization	zh+en
band8	L8-4050	剔除	b79-m7-nominalization	zh+en
band8	L8-4052	提拔	b79-m7-nominalization	zh+en
band8	L8-4087	填补	b79-m7-nominalization	zh+en
band8	L8-4088	填充	b79-m7-nominalization	zh+en
band8	L8-4095	调侃	b79-m7-nominalization	zh+en
band8	L8-4096	调控	b79-m7-nominalization	zh+en
band8	L8-4097	调料	b79-m7-nominalization	zh+en
band8	L8-4101	跳槽	b79-m7-nominalization	zh+en
band8	L8-4117	通车	b79-m7-nominalization	zh+en
band8	L8-4139	统筹	b79-m7-passive-causative	zh+en
band8	L8-4157	投奔	b79-m7-passive-causative	zh+en
band8	L8-4170	突发	b79-m7-passive-causative	zh+en
band8	L8-4189	推辞	b79-m7-passive-causative	zh+en
band8	L8-4277	旺盛	b79-m7-passive-causative	zh+en
band8	L8-4302	纬度	b79-m7-passive-causative	zh+en
band8	L8-4355	无比	b79-m7-discourse-chaining	zh+en
band8	L8-4512	相伴	b79-m7-discourse-chaining	zh+en
band9	L9-2783	脉络	b79-m5-idiomatic-social	zh+en
band9	L9-2832	门当户对	b79-m5-register-shift	zh+en
band9	L9-2925	默默无闻	b79-m5-register-shift	zh+en
band9	L9-2941	目中无人	b79-m5-register-shift	zh+en
band9	L9-2972	难以想象	b79-m5-register-shift	zh+en
band9	L9-2979	闹着玩儿	b79-m5-register-shift	zh+en
band9	L9-3035	女婿	b79-m5-register-shift	zh+en
band9	L9-3086	鹏程万里	b79-m5-emotional-subtlety	zh+en
band9	L9-3109	片子	b79-m5-emotional-subtlety	zh+en
band9	L9-3155	萍水相逢	b79-m5-emotional-subtlety	zh+en
band9	L9-3170	扑面而来	b79-m5-emotional-subtlety	zh+en
band9	L9-3185	齐心协力	b79-m5-emotional-subtlety	zh+en
band9	L9-3200	岂有此理	b79-m5-emotional-subtlety	zh+en
band9	L9-3235	恰如其分	b79-m5-emotional-subtlety	zh+en
band9	L9-3240	千钧一发	b79-m5-emotional-subtlety	zh+en
band9	L9-3258	前所未有	b79-m6-chengyu	zh+en
band9	L9-3264	前仰后合	b79-m6-chengyu	zh+en
band9	L9-3272	潜移默化	b79-m6-chengyu	zh+en
band9	L9-3313	亲朋好友	b79-m6-chengyu	zh+en
band9	L9-3321	勤工俭学	b79-m6-chengyu	zh+en
band9	L9-3408	缺失	b79-m6-chengyu	zh+en
band9	L9-3459	任人宰割	b79-m6-chengyu	zh+en
band9	L9-3468	日新月异	b79-m6-chengyu	zh+en
band9	L9-3473	容光焕发	b79-m6-literary-connectors	zh+en
band9	L9-3491	如醉如痴	b79-m6-literary-connectors	zh+en
band9	L9-3525	嫂子	b79-m6-literary-connectors	zh+en
band9	L9-3597	奢望	b79-m6-literary-connectors	zh+en
band9	L9-3612	伸缩	b79-m6-literary-connectors	zh+en
band9	L9-3614	身不由己	b79-m6-literary-connectors	zh+en
band9	L9-3615	身价	b79-m6-literary-connectors	zh+en
band9	L9-3618	身影	b79-m6-literary-connectors	zh+en
band9	L9-3622	深切	b79-m6-literary-connectors	zh+en
band9	L9-3624	深入人心	b79-m6-literary-connectors	zh+en
band9	L9-3629	深远	b79-m6-literary-connectors	zh+en
band9	L9-3630	神气	b79-m6-literary-connectors	zh+en
band9	L9-3632	神态	b79-m6-literary-connectors	zh+en
band9	L9-3642	甚至于	b79-m6-literary-connectors	zh+en
band9	L9-3646	升温	b79-m6-literary-connectors	zh+en
band9	L9-3647	生机	b79-m6-literary-connectors	zh+en
band9	L9-3650	生怕	b79-m6-literary-connectors	zh+en
band9	L9-3658	生硬	b79-m6-literary-connectors	zh+en
band9	L9-3673	盛气凌人	b79-m6-literary-connectors	zh+en
band9	L9-3681	失落	b79-m6-literary-connectors	zh+en
band9	L9-3687	师范	b79-m6-literary-connectors	zh+en
band9	L9-3710	实话实说	b79-m6-cultural-references	zh+en
band9	L9-3711	实况	b79-m6-cultural-references	zh+en
band9	L9-3712	实事求是	b79-m6-cultural-references	zh+en
band9	L9-3714	实物	b79-m6-cultural-references	zh+en
band9	L9-3716	食宿	b79-m6-cultural-references	zh+en
band9	L9-3718	史无前例	b79-m6-cultural-references	zh+en
band9	L9-3719	使唤	b79-m6-cultural-references	zh+en
band9	L9-3721	使者	b79-m6-cultural-references	zh+en
band9	L9-3728	世袭	b79-m6-cultural-references	zh+en
band9	L9-3729	市场经济	b79-m6-cultural-references	zh+en
band9	L9-3731	势不可当	b79-m6-cultural-references	zh+en
band9	L9-3732	势头	b79-m6-cultural-references	zh+en
band9	L9-3733	事迹	b79-m6-cultural-references	zh+en
band9	L9-3734	事态	b79-m6-cultural-references	zh+en
band9	L9-3736	事务所	b79-m6-cultural-references	zh+en
band9	L9-3739	侍候	b79-m6-cultural-references	zh+en
band9	L9-3743	试用期	b79-m6-cultural-references	zh+en
band9	L9-3755	适宜	b79-m6-cultural-references	zh+en
band9	L9-3761	收敛	b79-m6-cultural-references	zh+en
band9	L9-3764	收视率	b79-m6-cultural-references	zh+en
band9	L9-3774	手术室	b79-m6-cultural-references	zh+en
band9	L9-3779	守候	b79-m6-cultural-references	zh+en
band9	L9-3781	守株待兔	b79-m6-cultural-references	zh+en
band9	L9-3786	首要	b79-m6-cultural-references	zh+en
band9	L9-3801	书橱	b79-m6-cultural-references	zh+en
band9	L9-3807	枢纽	b79-m6-cultural-references	zh+en
band9	L9-3811	舒畅	b79-m6-cultural-references	zh+en
band9	L9-3812	疏导	b79-m6-cultural-references	zh+en
band9	L9-3815	疏通	b79-m6-cultural-references	zh+en
band9	L9-3818	输血	b79-m6-cultural-references	zh+en
band9	L9-3827	树梢	b79-m6-cultural-references	zh+en
band9	L9-3831	数额	b79-m6-cultural-references	zh+en
band9	L9-3835	耍赖	b79-m6-cultural-references	zh+en
band9	L9-3837	衰竭	b79-m6-cultural-references	zh+en
band9	L9-3845	涮	b79-m6-cultural-references	zh+en
band9	L9-3850	双赢	b79-m6-cultural-references	zh+en
band9	L9-3858	水晶	b79-m6-cultural-references	zh+en
band9	L9-3864	水手	b79-m6-cultural-references	zh+en
band9	L9-3865	水温	b79-m6-cultural-references	zh+en
band9	L9-3867	水源	b79-m6-cultural-references	zh+en
band9	L9-3877	顺理成章	b79-m6-cultural-references	zh+en
band9	L9-3878	顺路	b79-m6-cultural-references	zh+en
band9	L9-3879	顺其自然	b79-m6-cultural-references	zh+en
band9	L9-3880	顺势	b79-m6-cultural-references	zh+en
band9	L9-3881	顺手	b79-m6-cultural-references	zh+en
band9	L9-3882	顺心	b79-m6-cultural-references	zh+en
band9	L9-3883	顺应	b79-m6-cultural-references	zh+en
band9	L9-3888	说到底	b79-m6-cultural-references	zh+en
band9	L9-3890	说干就干	b79-m6-cultural-references	zh+en
band9	L9-3892	说老实话	b79-m6-cultural-references	zh+en
band9	L9-3895	说闲话	b79-m6-cultural-references	zh+en
band9	L9-3897	硕果	b79-m6-cultural-references	zh+en
band9	L9-3899	司空见惯	b79-m6-cultural-references	zh+en
band9	L9-3900	司令	b79-m6-cultural-references	zh+en
band9	L9-3904	私房钱	b79-m6-cultural-references	zh+en
band9	L9-3907	私事	b79-m7-nominalization	zh+en
band9	L9-3909	私营	b79-m7-nominalization	zh+en
band9	L9-3910	私有	b79-m7-nominalization	zh+en
band9	L9-3912	思路	b79-m7-nominalization	zh+en
band9	L9-3914	思前想后	b79-m7-nominalization	zh+en
band9	L9-3918	死心塌地	b79-m7-nominalization	zh+en
band9	L9-3921	四面八方	b79-m7-nominalization	zh+en
band9	L9-3924	似是而非	b79-m7-nominalization	zh+en
band9	L9-3925	伺机	b79-m7-nominalization	zh+en
band9	L9-3926	饲料	b79-m7-nominalization	zh+en
band9	L9-3927	饲养	b79-m7-nominalization	zh+en
band9	L9-3929	松弛	b79-m7-nominalization	zh+en
band9	L9-3937	苏醒	b79-m7-nominalization	zh+en
band9	L9-3943	诉苦	b79-m7-nominalization	zh+en
band9	L9-3944	诉说	b79-m7-nominalization	zh+en
band9	L9-3945	诉讼	b79-m7-nominalization	zh+en
band9	L9-3947	素不相识	b79-m7-nominalization	zh+en
band9	L9-3948	素材	b79-m7-nominalization	zh+en
band9	L9-3951	素养	b79-m7-nominalization	zh+en
band9	L9-3952	塑造	b79-m7-nominalization	zh+en
band9	L9-3955	算盘	b79-m7-nominalization	zh+en
band9	L9-3956	算账	b79-m7-nominalization	zh+en
band9	L9-3958	随处可见	b79-m7-nominalization	zh+en
band9	L9-3963	随时随地	b79-m7-nominalization	zh+en
band9	L9-3965	遂心	b79-m7-nominalization	zh+en
band9	L9-3969	损人利己	b79-m7-nominalization	zh+en
band9	L9-3972	缩水	b79-m7-nominalization	zh+en
band9	L9-3973	缩影	b79-m7-nominalization	zh+en
band9	L9-3974	所属	b79-m7-nominalization	zh+en
band9	L9-3977	索赔	b79-m7-nominalization	zh+en
band9	L9-3978	索取	b79-m7-nominalization	zh+en
band9	L9-3979	索性	b79-m7-nominalization	zh+en
band9	L9-3980	锁定	b79-m7-nominalization	zh+en
band9	L9-3983	踏上	b79-m7-nominalization	zh+en
band9	L9-3993	贪玩儿	b79-m7-nominalization	zh+en
band9	L9-3994	贪污	b79-m7-nominalization	zh+en
band9	L9-4003	弹性	b79-m7-nominalization	zh+en
band9	L9-4008	坦然	b79-m7-nominalization	zh+en
band9	L9-4015	探求	b79-m7-nominalization	zh+en
band9	L9-4019	汤圆	b79-m7-nominalization	zh+en
band9	L9-4023	倘若	b79-m7-nominalization	zh+en
band9	L9-4024	淌	b79-m7-nominalization	zh+en
band9	L9-4027	滔滔不绝	b79-m7-nominalization	zh+en
band9	L9-4030	逃亡	b79-m7-nominalization	zh+en
band9	L9-4032	陶冶	b79-m7-nominalization	zh+en
band9	L9-4039	讨价还价	b79-m7-nominalization	zh+en
band9	L9-4043	特例	b79-m7-nominalization	zh+en
band9	L9-4045	特邀	b79-m7-nominalization	zh+en
band9	L9-4049	藤椅	b79-m7-nominalization	zh+en
band9	L9-4056	提心吊胆	b79-m7-nominalization	zh+en
band9	L9-4060	体面	b79-m7-nominalization	zh+en
band9	L9-4065	体制	b79-m7-nominalization	zh+en
band9	L9-4069	替身	b79-m7-nominalization	zh+en
band9	L9-4075	天经地义	b79-m7-nominalization	zh+en
band9	L9-4077	天桥	b79-m7-nominalization	zh+en
band9	L9-4086	甜头	b79-m7-nominalization	zh+en
band9	L9-4092	条款	b79-m7-nominalization	zh+en
band9	L9-4093	条例	b79-m7-nominalization	zh+en
band9	L9-4103	跳伞	b79-m7-nominalization	zh+en
band9	L9-4110	停泊	b79-m7-nominalization	zh+en
band9	L9-4111	停车位	b79-m7-nominalization	zh+en
band9	L9-4115	停业	b79-m7-nominalization	zh+en
band9	L9-4116	通畅	b79-m7-nominalization	zh+en
band9	L9-4119	通告	b79-m7-nominalization	zh+en
band9	L9-4122	通俗	b79-m7-nominalization	zh+en
band9	L9-4130	同感	b79-m7-passive-causative	zh+en
band9	L9-4131	同伙	b79-m7-passive-causative	zh+en
band9	L9-4135	同人	b79-m7-passive-causative	zh+en
band9	L9-4137	同舟共济	b79-m7-passive-causative	zh+en
band9	L9-4146	痛心	b79-m7-passive-causative	zh+en
band9	L9-4147	偷看	b79-m7-passive-causative	zh+en
band9	L9-4152	头号	b79-m7-passive-causative	zh+en
band9	L9-4153	头条	b79-m7-passive-causative	zh+en
band9	L9-4154	头头是道	b79-m7-passive-causative	zh+en
band9	L9-4155	头衔	b79-m7-passive-causative	zh+en
band9	L9-4158	投稿	b79-m7-passive-causative	zh+en
band9	L9-4159	投机	b79-m7-passive-causative	zh+en
band9	L9-4160	投射	b79-m7-passive-causative	zh+en
band9	L9-4163	透彻	b79-m7-passive-causative	zh+en
band9	L9-4166	透支	b79-m7-passive-causative	zh+en
band9	L9-4168	凸显	b79-m7-passive-causative	zh+en
band9	L9-4171	突击	b79-m7-passive-causative	zh+en
band9	L9-4172	突破口	b79-m7-passive-causative	zh+en
band9	L9-4176	图形	b79-m7-passive-causative	zh+en
band9	L9-4181	土匪	b79-m7-passive-causative	zh+en
band9	L9-4186	团员	b79-m7-passive-causative	zh+en
band9	L9-4187	团圆	b79-m7-passive-causative	zh+en
band9	L9-4193	推理	b79-m7-passive-causative	zh+en
band9	L9-4194	推敲	b79-m7-passive-causative	zh+en
band9	L9-4195	推算	b79-m7-passive-causative	zh+en
band9	L9-4197	推选	b79-m7-passive-causative	zh+en
band9	L9-4199	颓废	b79-m7-passive-causative	zh+en
band9	L9-4201	退却	b79-m7-passive-causative	zh+en
band9	L9-4202	退让	b79-m7-passive-causative	zh+en
band9	L9-4203	退缩	b79-m7-passive-causative	zh+en
band9	L9-4209	拖累	b79-m7-passive-causative	zh+en
band9	L9-4210	拖欠	b79-m7-passive-causative	zh+en
band9	L9-4222	拓宽	b79-m7-passive-causative	zh+en
band9	L9-4223	拓展	b79-m7-passive-causative	zh+en
band9	L9-4224	唾液	b79-m7-passive-causative	zh+en
band9	L9-4225	挖掘	b79-m7-passive-causative	zh+en
band9	L9-4229	歪曲	b79-m7-passive-causative	zh+en
band9	L9-4238	外企	b79-m7-passive-causative	zh+en
band9	L9-4241	外援	b79-m7-passive-causative	zh+en
band9	L9-4243	完备	b79-m7-passive-causative	zh+en
band9	L9-4252	挽救	b79-m7-passive-causative	zh+en
band9	L9-4253	晚间	b79-m7-passive-causative	zh+en
band9	L9-4255	晚期	b79-m7-passive-causative	zh+en
band9	L9-4256	惋惜	b79-m7-passive-causative	zh+en
band9	L9-4258	万古长青	b79-m7-passive-causative	zh+en
band9	L9-4261	万无一失	b79-m7-passive-causative	zh+en
band9	L9-4262	汪洋	b79-m7-passive-causative	zh+en
band9	L9-4265	王牌	b79-m7-passive-causative	zh+en
band9	L9-4266	网点	b79-m7-passive-causative	zh+en
band9	L9-4267	网民	b79-m7-passive-causative	zh+en
band9	L9-4282	威风	b79-m7-passive-causative	zh+en
band9	L9-4284	威慑	b79-m7-passive-causative	zh+en
band9	L9-4286	微不足道	b79-m7-passive-causative	zh+en
band9	L9-4287	微观	b79-m7-passive-causative	zh+en
band9	L9-4290	微型	b79-m7-passive-causative	zh+en
band9	L9-4293	违约	b79-m7-passive-causative	zh+en
band9	L9-4294	违章	b79-m7-passive-causative	zh+en
band9	L9-4303	委屈	b79-m7-passive-causative	zh+en
band9	L9-4304	委婉	b79-m7-passive-causative	zh+en
band9	L9-4308	卫视	b79-m7-passive-causative	zh+en
band9	L9-4310	未成年人	b79-m7-passive-causative	zh+en
band9	L9-4312	未免	b79-m7-passive-causative	zh+en
band9	L9-4313	未知数	b79-m7-passive-causative	zh+en
band9	L9-4315	味精	b79-m7-passive-causative	zh+en
band9	L9-4332	文凭	b79-m7-passive-causative	zh+en
band9	L9-4333	文人	b79-m7-passive-causative	zh+en
band9	L9-4336	文雅	b79-m7-passive-causative	zh+en
band9	L9-4338	蚊帐	b79-m7-passive-causative	zh+en
band9	L9-4341	吻合	b79-m7-discourse-chaining	zh+en
band9	L9-4342	紊乱	b79-m7-discourse-chaining	zh+en
band9	L9-4343	稳固	b79-m7-discourse-chaining	zh+en
band9	L9-4345	稳妥	b79-m7-discourse-chaining	zh+en
band9	L9-4346	稳重	b79-m7-discourse-chaining	zh+en
band9	L9-4348	问世	b79-m7-discourse-chaining	zh+en
band9	L9-4353	呜咽	b79-m7-discourse-chaining	zh+en
band9	L9-4357	无偿	b79-m7-discourse-chaining	zh+en
band9	L9-4359	无恶不作	b79-m7-discourse-chaining	zh+en
band9	L9-4367	无精打采	b79-m7-discourse-chaining	zh+en
band9	L9-4370	无可奈何	b79-m7-discourse-chaining	zh+en
band9	L9-4372	无力	b79-m7-discourse-chaining	zh+en
band9	L9-4377	无情无义	b79-m7-discourse-chaining	zh+en
band9	L9-4381	无所作为	b79-m7-discourse-chaining	zh+en
band9	L9-4387	无形中	b79-m7-discourse-chaining	zh+en
band9	L9-4393	无足轻重	b79-m7-discourse-chaining	zh+en
band9	L9-4394	五花八门	b79-m7-discourse-chaining	zh+en
band9	L9-4400	舞厅	b79-m7-discourse-chaining	zh+en
band9	L9-4403	务实	b79-m7-discourse-chaining	zh+en
band9	L9-4404	物流	b79-m7-discourse-chaining	zh+en
band9	L9-4406	物证	b79-m7-discourse-chaining	zh+en
band9	L9-4408	误差	b79-m7-discourse-chaining	zh+en
band9	L9-4410	误区	b79-m7-discourse-chaining	zh+en
band9	L9-4412	吸纳	b79-m7-discourse-chaining	zh+en
band9	L9-4415	息息相关	b79-m7-discourse-chaining	zh+en
band9	L9-4417	稀罕	b79-m7-discourse-chaining	zh+en
band9	L9-4421	熙熙攘攘	b79-m7-discourse-chaining	zh+en
band9	L9-4424	嬉笑	b79-m7-discourse-chaining	zh+en
band9	L9-4427	席位	b79-m7-discourse-chaining	zh+en
band9	L9-4430	洗涤剂	b79-m7-discourse-chaining	zh+en
band9	L9-4432	喜出望外	b79-m7-discourse-chaining	zh+en
band9	L9-4433	喜好	b79-m7-discourse-chaining	zh+en
band9	L9-4434	喜酒	b79-m7-discourse-chaining	zh+en
band9	L9-4435	喜怒哀乐	b79-m7-discourse-chaining	zh+en
band9	L9-4436	喜庆	b79-m7-discourse-chaining	zh+en
band9	L9-4437	喜事	b79-m7-discourse-chaining	zh+en
band9	L9-4438	喜糖	b79-m7-discourse-chaining	zh+en
band9	L9-4439	喜洋洋	b79-m7-discourse-chaining	zh+en
band9	L9-4441	细腻	b79-m7-discourse-chaining	zh+en
band9	L9-4442	细微	b79-m7-discourse-chaining	zh+en
band9	L9-4446	侠义	b79-m7-discourse-chaining	zh+en
band9	L9-4453	下岗	b79-m7-discourse-chaining	zh+en
band9	L9-4454	下功夫	b79-m7-discourse-chaining	zh+en
band9	L9-4455	下海	b79-m7-discourse-chaining	zh+en
band9	L9-4456	下级	b79-m7-discourse-chaining	zh+en
band9	L9-4460	下期	b79-m7-discourse-chaining	zh+en
band9	L9-4464	下属	b79-m7-discourse-chaining	zh+en
band9	L9-4465	下台	b79-m7-discourse-chaining	zh+en
band9	L9-4466	下调	b79-m7-discourse-chaining	zh+en
band9	L9-4467	下乡	b79-m7-discourse-chaining	zh+en
band9	L9-4468	下旬	b79-m7-discourse-chaining	zh+en
band9	L9-4470	下意识	b79-m7-discourse-chaining	zh+en
band9	L9-4472	下坠	b79-m7-discourse-chaining	zh+en
band9	L9-4475	夏令营	b79-m7-discourse-chaining	zh+en
band9	L9-4476	仙鹤	b79-m7-discourse-chaining	zh+en
band9	L9-4478	先例	b79-m7-discourse-chaining	zh+en
band9	L9-4483	鲜活	b79-m7-discourse-chaining	zh+en
band9	L9-4487	衔接	b79-m7-discourse-chaining	zh+en
band9	L9-4491	显赫	b79-m7-discourse-chaining	zh+en
band9	L9-4492	显示器	b79-m7-discourse-chaining	zh+en
band9	L9-4495	现成	b79-m7-discourse-chaining	zh+en
band9	L9-4506	馅儿	b79-m7-discourse-chaining	zh+en
band9	L9-4510	乡亲	b79-m7-discourse-chaining	zh+en
band9	L9-4513	相比之下	b79-m7-discourse-chaining	zh+en
band9	L9-4518	相对而言	b79-m7-discourse-chaining	zh+en
band9	L9-4519	相辅相成	b79-m7-discourse-chaining	zh+en
band9	L9-4520	相继	b79-m7-discourse-chaining	zh+en
band9	L9-4525	相依为命	b79-m7-discourse-chaining	zh+en
band9	L9-4527	相约	b79-m7-discourse-chaining	zh+en
band9	L9-4532	香油	b79-m7-discourse-chaining	zh+en
band9	L9-4534	镶嵌	b79-m7-discourse-chaining	zh+en
band9	L9-4536	祥和	b79-m7-discourse-chaining	zh+en
band9	L9-4541	响应	b79-m7-discourse-chaining	zh+en
band9	L9-4548	像样	b79-m7-discourse-chaining	zh+en
band9	L9-4549	橡胶	b79-m7-discourse-chaining	zh+en
band9	L9-4559	潇洒	b79-m8-legal	zh+en
band9	L9-4561	小贩	b79-m8-legal	zh+en
band9	L9-4563	小康	b79-m8-legal	zh+en
band9	L9-4565	小品	b79-m8-legal	zh+en
band9	L9-4568	小曲	b79-m8-legal	zh+en
band9	L9-4574	孝敬	b79-m8-legal	zh+en
band9	L9-4577	效仿	b79-m8-legal	zh+en
band9	L9-4579	效益	b79-m8-legal	zh+en
band9	L9-4582	协同	b79-m8-legal	zh+en
band9	L9-4583	协作	b79-m8-legal	zh+en
band9	L9-4586	挟持	b79-m8-legal	zh+en
band9	L9-4588	携手	b79-m8-legal	zh+en
band9	L9-4589	写照	b79-m8-legal	zh+en
band9	L9-4593	泄密	b79-m8-legal	zh+en
band9	L9-4594	泄气	b79-m8-legal	zh+en
band9	L9-4597	心爱	b79-m8-legal	zh+en
band9	L9-4598	心安理得	b79-m8-legal	zh+en
band9	L9-4599	心病	b79-m8-legal	zh+en
band9	L9-4602	心慌	b79-m8-legal	zh+en
band9	L9-4603	心急如焚	b79-m8-legal	zh+en
band9	L9-4605	心灵手巧	b79-m8-legal	zh+en
band9	L9-4607	心声	b79-m8-legal	zh+en
band9	L9-4611	心想事成	b79-m8-legal	zh+en
band9	L9-4613	心血	b79-m8-legal	zh+en
band9	L9-4614	心眼儿	b79-m8-legal	zh+en
band9	L9-4616	芯片	b79-m8-legal	zh+en
band9	L9-4618	辛酸	b79-m8-legal	zh+en
band9	L9-4619	欣慰	b79-m8-legal	zh+en
band9	L9-4621	欣欣向荣	b79-m8-legal	zh+en
band9	L9-4622	新潮	b79-m8-legal	zh+en
band9	L9-4623	新陈代谢	b79-m8-legal	zh+en
band9	L9-4628	新式	b79-m8-legal	zh+en
band9	L9-4631	信贷	b79-m8-legal	zh+en
band9	L9-4636	兴建	b79-m8-legal	zh+en
band9	L9-4641	刑法	b79-m8-legal	zh+en
band9	L9-4642	行使	b79-m8-legal	zh+en
band9	L9-4645	形形色色	b79-m8-legal	zh+en
band9	L9-4646	形影不离	b79-m8-legal	zh+en
band9	L9-4649	醒悟	b79-m8-legal	zh+en
band9	L9-4650	兴高采烈	b79-m8-legal	zh+en
band9	L9-4654	幸亏	b79-m8-legal	zh+en
band9	L9-4660	凶残	b79-m8-legal	zh+en
band9	L9-4661	凶恶	b79-m8-legal	zh+en
band9	L9-4662	凶狠	b79-m8-legal	zh+en
band9	L9-4664	汹涌	b79-m8-legal	zh+en
band9	L9-4665	胸膛	b79-m8-legal	zh+en
band9	L9-4666	胸有成竹	b79-m8-legal	zh+en
band9	L9-4667	雄厚	b79-m8-legal	zh+en
band9	L9-4668	休克	b79-m8-legal	zh+en
band9	L9-4669	休眠	b79-m8-legal	zh+en
band9	L9-4670	休想	b79-m8-legal	zh+en
band9	L9-4672	修补	b79-m8-legal	zh+en
band9	L9-4675	修路	b79-m8-legal	zh+en
band9	L9-4676	修正	b79-m8-legal	zh+en
band9	L9-4679	秀美	b79-m8-legal	zh+en
band9	L9-4693	徐徐	b79-m8-legal	zh+en
band9	L9-4695	许可证	b79-m8-legal	zh+en
band9	L9-4696	旭日	b79-m8-legal	zh+en
band9	L9-4698	序幕	b79-m8-legal	zh+en
band9	L9-4702	絮叨	b79-m8-legal	zh+en
band9	L9-4703	宣称	b79-m8-legal	zh+en
band9	L9-4704	宣读	b79-m8-legal	zh+en
band9	L9-4707	宣泄	b79-m8-legal	zh+en
band9	L9-4708	宣言	b79-m8-legal	zh+en
band9	L9-4710	喧哗	b79-m8-legal	zh+en
band9	L9-4711	喧闹	b79-m8-legal	zh+en
band9	L9-4712	玄	b79-m8-legal	zh+en
band9	L9-4713	玄机	b79-m8-legal	zh+en
band9	L9-4715	悬念	b79-m8-legal	zh+en
band9	L9-4716	悬殊	b79-m8-legal	zh+en
band9	L9-4719	旋涡	b79-m8-legal	zh+en
band9	L9-4720	选民	b79-m8-legal	zh+en
band9	L9-4722	选用	b79-m8-legal	zh+en
band9	L9-4726	穴位	b79-m8-legal	zh+en
band9	L9-4728	学士	b79-m8-legal	zh+en
band9	L9-4730	学堂	b79-m8-legal	zh+en
band9	L9-4732	学艺	b79-m8-legal	zh+en
band9	L9-4733	学子	b79-m8-legal	zh+en
band9	L9-4734	雪山	b79-m8-legal	zh+en
band9	L9-4735	雪上加霜	b79-m8-legal	zh+en
band9	L9-4736	血脉	b79-m8-legal	zh+en
band9	L9-4737	血栓	b79-m8-legal	zh+en
band9	L9-4739	血缘	b79-m8-legal	zh+en
band9	L9-4740	勋章	b79-m8-legal	zh+en
band9	L9-4742	熏陶	b79-m8-legal	zh+en
band9	L9-4745	寻觅	b79-m8-legal	zh+en
band9	L9-4746	巡逻	b79-m8-legal	zh+en
band9	L9-4751	丫头	b79-m8-legal	zh+en
band9	L9-4752	压倒	b79-m8-legal	zh+en
band9	L9-4762	咽喉	b79-m8-legal	zh+en
band9	L9-4767	延缓	b79-m8-legal	zh+en
band9	L9-4769	严谨	b79-m8-legal	zh+en
band9	L9-4772	严密	b79-m8-legal	zh+en
band9	L9-4773	言辞	b79-m8-legal	zh+en
band9	L9-4778	炎症	b79-m8-medical	zh+en
band9	L9-4780	沿途	b79-m8-medical	zh+en
band9	L9-4781	沿线	b79-m8-medical	zh+en
band9	L9-4783	阎王	b79-m8-medical	zh+en
band9	L9-4788	眼红	b79-m8-medical	zh+en
band9	L9-4790	眼色	b79-m8-medical	zh+en
band9	L9-4794	演播室	b79-m8-medical	zh+en
band9	L9-4796	演练	b79-m8-medical	zh+en
band9	L9-4797	演示	b79-m8-medical	zh+en
band9	L9-4800	演戏	b79-m8-medical	zh+en
band9	L9-4801	演艺圈	b79-m8-medical	zh+en
band9	L9-4802	演绎	b79-m8-medical	zh+en
band9	L9-4806	艳丽	b79-m8-medical	zh+en
band9	L9-4808	验收	b79-m8-medical	zh+en
band9	L9-4812	秧歌	b79-m8-medical	zh+en
band9	L9-4815	杨树	b79-m8-medical	zh+en
band9	L9-4816	洋溢	b79-m8-medical	zh+en
band9	L9-4818	养老金	b79-m8-medical	zh+en
band9	L9-4820	养生	b79-m8-medical	zh+en
band9	L9-4821	养殖	b79-m8-medical	zh+en
band9	L9-4825	样品	b79-m8-medical	zh+en
band9	L9-4826	妖怪	b79-m8-medical	zh+en
band9	L9-4828	窑	b79-m8-medical	zh+en
band9	L9-4834	摇摇欲坠	b79-m8-medical	zh+en
band9	L9-4837	药材	b79-m8-medical	zh+en
band9	L9-4852	野炊	b79-m8-medical	zh+en
band9	L9-4859	业绩	b79-m8-medical	zh+en
band9	L9-4865	夜总会	b79-m8-medical	zh+en
band9	L9-4866	液晶	b79-m8-medical	zh+en
band9	L9-4875	依托	b79-m8-medical	zh+en
band9	L9-4876	依依不舍	b79-m8-medical	zh+en
band9	L9-4878	一刹那	b79-m8-medical	zh+en
band9	L9-4881	一度	b79-m8-medical	zh+en
band9	L9-4883	一概而论	b79-m8-medical	zh+en
band9	L9-4884	一个劲儿	b79-m8-medical	zh+en
band9	L9-4885	一晃	b79-m8-medical	zh+en
band9	L9-4886	一技之长	b79-m8-medical	zh+en
band9	L9-4889	一事无成	b79-m8-medical	zh+en
band9	L9-4891	一味	b79-m8-medical	zh+en
band9	L9-4895	怡然自得	b79-m8-medical	zh+en
band9	L9-4897	移交	b79-m8-medical	zh+en
band9	L9-4901	遗体	b79-m8-medical	zh+en
band9	L9-4903	遗物	b79-m8-medical	zh+en
band9	L9-4904	遗愿	b79-m8-medical	zh+en
band9	L9-4907	疑点	b79-m8-medical	zh+en
band9	L9-4909	疑虑	b79-m8-medical	zh+en
band9	L9-4912	以身作则	b79-m8-medical	zh+en
band9	L9-4917	一长一短	b79-m8-medical	zh+en
band9	L9-4919	一筹莫展	b79-m8-medical	zh+en
band9	L9-4922	一鼓作气	b79-m8-medical	zh+en
band9	L9-4926	一经	b79-m8-medical	zh+en
band9	L9-4929	一卡通	b79-m8-medical	zh+en
band9	L9-4930	一揽子	b79-m8-medical	zh+en
band9	L9-4933	一毛不拔	b79-m8-medical	zh+en
band9	L9-4936	一如既往	b79-m8-medical	zh+en
band9	L9-4937	一声不吭	b79-m8-medical	zh+en
band9	L9-4948	一言一行	b79-m8-medical	zh+en
band9	L9-4950	一应俱全	b79-m8-medical	zh+en
band9	L9-4952	义工	b79-m8-medical	zh+en
band9	L9-4957	屹立	b79-m8-medical	zh+en
band9	L9-4959	异口同声	b79-m8-medical	zh+en
band9	L9-4963	抑扬顿挫	b79-m8-medical	zh+en
band9	L9-4965	抑郁症	b79-m8-medical	zh+en
band9	L9-4968	易拉罐	b79-m8-medical	zh+en
band9	L9-4974	意向	b79-m8-medical	zh+en
band9	L9-4977	毅然	b79-m8-medical	zh+en
band9	L9-4980	阴性	b79-m8-medical	zh+en
band9	L9-4982	殷勤	b79-m8-medical	zh+en
band9	L9-4985	引经据典	b79-m8-medical	zh+en
band9	L9-4986	引领	b79-m8-medical	zh+en
band9	L9-4988	引人入胜	b79-m8-medical	zh+en
band9	L9-4992	引诱	b79-m8-business-analytics	zh+en
band9	L9-4995	隐蔽	b79-m8-business-analytics	zh+en
band9	L9-4996	隐患	b79-m8-business-analytics	zh+en
band9	L9-5001	隐性	b79-m8-business-analytics	zh+en
band9	L9-5005	印章	b79-m8-business-analytics	zh+en
band9	L9-5006	印证	b79-m8-business-analytics	zh+en
band9	L9-5013	迎合	b79-m8-business-analytics	zh+en
band9	L9-5014	荧光	b79-m8-business-analytics	zh+en
band9	L9-5020	应酬	b79-m8-business-analytics	zh+en
band9	L9-5026	硬朗	b79-m8-business-analytics	zh+en
band9	L9-5028	拥护	b79-m8-business-analytics	zh+en
band9	L9-5030	庸俗	b79-m8-business-analytics	zh+en
band9	L9-5034	勇往直前	b79-m8-business-analytics	zh+en
band9	L9-5035	勇于	b79-m8-business-analytics	zh+en
band9	L9-5037	涌入	b79-m8-business-analytics	zh+en
band9	L9-5038	涌现	b79-m8-business-analytics	zh+en
band9	L9-5039	踊跃	b79-m8-business-analytics	zh+en
band9	L9-5049	优越	b79-m8-business-analytics	zh+en
band9	L9-5055	尤为	b79-m8-business-analytics	zh+en
band9	L9-5056	由此看来	b79-m8-business-analytics	zh+en
band9	L9-5058	由来	b79-m8-business-analytics	zh+en
band9	L9-5059	由衷	b79-m8-business-analytics	zh+en
band9	L9-5060	邮编	b79-m8-business-analytics	zh+en
band9	L9-5065	游船	b79-m8-business-analytics	zh+en
band9	L9-5071	有的放矢	b79-m8-business-analytics	zh+en
band9	L9-5073	有口无心	b79-m8-business-analytics	zh+en
band9	L9-5074	有两下子	b79-m8-business-analytics	zh+en
band9	L9-5075	有声有色	b79-m8-business-analytics	zh+en
band9	L9-5081	有序	b79-m8-business-analytics	zh+en
band9	L9-5088	诱发	b79-m8-business-analytics	zh+en
band9	L9-5093	余额	b79-m8-business-analytics	zh+en
band9	L9-5096	逾期	b79-m8-business-analytics	zh+en
band9	L9-5098	愚公移山	b79-m8-business-analytics	zh+en
band9	L9-5106	予以	b79-m8-business-analytics	zh+en
band9	L9-5115	预赛	b79-m8-business-analytics	zh+en
band9	L9-5117	预售	b79-m8-business-analytics	zh+en
band9	L9-5125	遇险	b79-m8-business-analytics	zh+en
band9	L9-5127	寓意	b79-m8-business-analytics	zh+en
band9	L9-5131	冤	b79-m8-business-analytics	zh+en
band9	L9-5132	冤枉	b79-m8-business-analytics	zh+en
band9	L9-5133	渊源	b79-m8-business-analytics	zh+en
band9	L9-5134	元老	b79-m8-business-analytics	zh+en
band9	L9-5135	元首	b79-m8-business-analytics	zh+en
band9	L9-5141	原型	b79-m8-business-analytics	zh+en
band9	L9-5142	原汁原味	b79-m8-business-analytics	zh+en
band9	L9-5143	原装	b79-m8-business-analytics	zh+en
band9	L9-5149	源源不断	b79-m8-business-analytics	zh+en
band9	L9-5152	远近闻名	b79-m8-business-analytics	zh+en
band9	L9-5154	怨气	b79-m8-business-analytics	zh+en
band9	L9-5155	怨言	b79-m8-business-analytics	zh+en
band9	L9-5156	院士	b79-m8-business-analytics	zh+en
band9	L9-5157	曰	b79-m8-business-analytics	zh+en
band9	L9-5158	约定俗成	b79-m8-business-analytics	zh+en
band9	L9-5160	月票	b79-m8-business-analytics	zh+en
band9	L9-5162	岳父	b79-m8-business-analytics	zh+en
band9	L9-5166	越发	b79-m8-business-analytics	zh+en
band9	L9-5169	陨石	b79-m8-business-analytics	zh+en
band9	L9-5177	韵味	b79-m8-business-analytics	zh+en
band9	L9-5178	蕴藏	b79-m8-business-analytics	zh+en
band9	L9-5179	蕴涵	b79-m8-business-analytics	zh+en
band9	L9-5182	杂乱无章	b79-m8-business-analytics	zh+en
band9	L9-5187	再度	b79-m8-business-analytics	zh+en
band9	L9-5188	再现	b79-m8-business-analytics	zh+en
band9	L9-5191	在职	b79-m8-business-analytics	zh+en
band9	L9-5192	载体	b79-m8-business-analytics	zh+en
band9	L9-5195	赞不绝口	b79-m8-business-analytics	zh+en
band9	L9-5197	赞叹	b79-m8-business-analytics	zh+en
band9	L9-5198	赞叹不已	b79-m8-business-analytics	zh+en
band9	L9-5200	赞许	b79-m8-business-analytics	zh+en
band9	L9-5206	早年	b79-m8-business-analytics	zh+en
band9	L9-5208	枣	b79-m8-business-analytics	zh+en
band9	L9-5211	造价	b79-listening	zh+en
band9	L9-5213	造纸术	b79-listening	zh+en
band9	L9-5221	增收	b79-listening	zh+en
band9	L9-5223	扎根	b79-listening	zh+en
band9	L9-5224	渣子	b79-listening	zh+en
band9	L9-5231	债务	b79-listening	zh+en
band9	L9-5232	占卜	b79-listening	zh+en
band9	L9-5234	沾光	b79-listening	zh+en
band9	L9-5236	瞻仰	b79-listening	zh+en
band9	L9-5238	斩草除根	b79-listening	zh+en
band9	L9-5240	展出	b79-listening	zh+en
band9	L9-5248	张灯结彩	b79-listening	zh+en
band9	L9-5249	张贴	b79-listening	zh+en
band9	L9-5250	张扬	b79-listening	zh+en
band9	L9-5255	帐子	b79-listening	zh+en
band9	L9-5259	招标	b79-listening	zh+en
band9	L9-5261	招待会	b79-listening	zh+en
band9	L9-5262	招揽	b79-listening	zh+en
band9	L9-5267	朝气蓬勃	b79-listening	zh+en
band9	L9-5268	朝三暮四	b79-listening	zh+en
band9	L9-5269	朝夕相处	b79-listening	zh+en
band9	L9-5272	召集	b79-listening	zh+en
band9	L9-5273	兆头	b79-listening	zh+en
band9	L9-5274	照办	b79-listening	zh+en
band9	L9-5280	肇事	b79-listening	zh+en
band9	L9-5281	折腾	b79-listening	zh+en
band9	L9-5285	折合	b79-listening	zh+en
band9	L9-5288	折射	b79-listening	zh+en
band9	L9-5289	这会儿	b79-listening	zh+en
band9	L9-5290	这样一来	b79-listening	zh+en
band9	L9-5291	针锋相对	b79-listening	zh+en
band9	L9-5295	珍视	b79-listening	zh+en
band9	L9-5296	珍重	b79-listening	zh+en
band9	L9-5298	真空	b79-listening	zh+en
band9	L9-5300	真是的	b79-listening	zh+en
band9	L9-5302	真挚	b79-listening	zh+en
band9	L9-5305	阵容	b79-listening	zh+en
band9	L9-5306	阵营	b79-listening	zh+en
band9	L9-5308	振兴	b79-listening	zh+en
band9	L9-5317	争光	b79-listening	zh+en
band9	L9-5318	争气	b79-listening	zh+en
band9	L9-5319	争先恐后	b79-listening	zh+en
band9	L9-5322	征集	b79-listening	zh+en
band9	L9-5323	征收	b79-listening	zh+en
band9	L9-5325	症结	b79-listening	zh+en
band9	L9-5329	整合	b79-listening	zh+en
band9	L9-5334	正视	b79-listening	zh+en
band9	L9-5338	郑重	b79-listening	zh+en
band9	L9-5343	支柱	b79-listening	zh+en
band9	L9-5351	肢体	b79-listening	zh+en
band9	L9-5353	执法	b79-listening	zh+en
band9	L9-5356	执着	b79-listening	zh+en
band9	L9-5358	直达	b79-listening	zh+en
band9	L9-5359	直观	b79-listening	zh+en
band9	L9-5366	职业病	b79-listening	zh+en
band9	L9-5368	止步	b79-listening	zh+en
band9	L9-5380	指引	b79-listening	zh+en
band9	L9-5383	志气	b79-listening	zh+en
band9	L9-5385	制裁	b79-listening	zh+en
band9	L9-5387	制品	b79-listening	zh+en
band9	L9-5389	质地	b79-listening	zh+en
band9	L9-5391	质问	b79-listening	zh+en
band9	L9-5393	治学	b79-listening	zh+en
band9	L9-5396	致辞	b79-listening	zh+en
band9	L9-5398	致敬	b79-listening	zh+en
band9	L9-5403	窒息	b79-listening	zh+en
band9	L9-5404	智商	b79-listening	zh+en
band9	L9-5406	滞留	b79-listening	zh+en
band9	L9-5408	中国画	b79-listening	zh+en
band9	L9-5411	中型	b79-listening	zh+en
band9	L9-5412	中性	b79-listening	zh+en
band9	L9-5416	忠诚	b79-listening	zh+en
band9	L9-5419	忠贞	b79-listening	zh+en
band9	L9-5426	仲裁	b79-speaking	zh+en
band9	L9-5429	众志成城	b79-speaking	zh+en
band9	L9-5430	重创	b79-speaking	zh+en
band9	L9-5431	重量级	b79-speaking	zh+en
band9	L9-5434	重心	b79-speaking	zh+en
band9	L9-5435	重型	b79-speaking	zh+en
band9	L9-5436	重中之重	b79-speaking	zh+en
band9	L9-5439	周密	b79-speaking	zh+en
band9	L9-5440	周旋	b79-speaking	zh+en
band9	L9-5443	骤然	b79-speaking	zh+en
band9	L9-5444	朱红	b79-speaking	zh+en
band9	L9-5448	竹竿	b79-speaking	zh+en
band9	L9-5449	逐年	b79-speaking	zh+en
band9	L9-5451	主编	b79-speaking	zh+en
band9	L9-5453	主力	b79-speaking	zh+en
band9	L9-5455	主人公	b79-speaking	zh+en
band9	L9-5457	主题歌	b79-speaking	zh+en
band9	L9-5458	主演	b79-speaking	zh+en
band9	L9-5463	嘱咐	b79-speaking	zh+en
band9	L9-5464	瞩目	b79-speaking	zh+en
band9	L9-5465	助威	b79-speaking	zh+en
band9	L9-5467	住户	b79-speaking	zh+en
band9	L9-5470	贮藏	b79-speaking	zh+en
band9	L9-5474	铸造	b79-speaking	zh+en
band9	L9-5478	专长	b79-speaking	zh+en
band9	L9-5479	专程	b79-speaking	zh+en
band9	L9-5480	专柜	b79-speaking	zh+en
band9	L9-5482	专卖店	b79-speaking	zh+en
band9	L9-5483	专人	b79-speaking	zh+en
band9	L9-5487	专著	b79-speaking	zh+en
band9	L9-5491	转机	b79-speaking	zh+en
band9	L9-5493	转型	b79-speaking	zh+en
band9	L9-5496	转载	b79-speaking	zh+en
band9	L9-5500	传记	b79-speaking	zh+en
band9	L9-5501	转悠	b79-speaking	zh+en
band9	L9-5505	庄园	b79-speaking	zh+en
band9	L9-5507	装扮	b79-speaking	zh+en
band9	L9-5510	壮胆	b79-speaking	zh+en
band9	L9-5512	壮实	b79-speaking	zh+en
band9	L9-5513	状元	b79-speaking	zh+en
band9	L9-5520	追尾	b79-speaking	zh+en
band9	L9-5521	追问	b79-speaking	zh+en
band9	L9-5522	追逐	b79-speaking	zh+en
band9	L9-5527	拙劣	b79-speaking	zh+en
band9	L9-5529	灼热	b79-speaking	zh+en
band9	L9-5531	酌情	b79-speaking	zh+en
band9	L9-5532	着力	b79-speaking	zh+en
band9	L9-5533	着落	b79-speaking	zh+en
band9	L9-5534	着实	b79-speaking	zh+en
band9	L9-5538	着眼于	b79-speaking	zh+en
band9	L9-5540	姿势	b79-speaking	zh+en
band9	L9-5545	资深	b79-speaking	zh+en
band9	L9-5547	滋润	b79-speaking	zh+en
band9	L9-5549	子弟	b79-speaking	zh+en
band9	L9-5550	子孙	b79-speaking	zh+en
band9	L9-5554	自费	b79-speaking	zh+en
band9	L9-5555	自负	b79-speaking	zh+en
band9	L9-5556	自理	b79-speaking	zh+en
band9	L9-5562	自如	b79-speaking	zh+en
band9	L9-5563	自始至终	b79-speaking	zh+en
band9	L9-5568	自信心	b79-speaking	zh+en
band9	L9-5571	自由自在	b79-speaking	zh+en
band9	L9-5581	宗旨	b79-speaking	zh+en
band9	L9-5582	综上所述	b79-speaking	zh+en
band9	L9-5584	总额	b79-speaking	zh+en
band9	L9-5586	总计	b79-speaking	zh+en
band9	L9-5587	纵观	b79-speaking	zh+en
band9	L9-5588	纵横交错	b79-speaking	zh+en
band9	L9-5590	纵容	b79-speaking	zh+en
band9	L9-5591	纵深	b79-speaking	zh+en
band9	L9-5592	粽子	b79-speaking	zh+en
band9	L9-5593	走过场	b79-speaking	zh+en
band9	L9-5594	走后门	b79-speaking	zh+en
band9	L9-5598	走弯路	b79-speaking	zh+en
band9	L9-5602	足迹	b79-speaking	zh+en
band9	L9-5603	足智多谋	b79-speaking	zh+en
band9	L9-5605	阻拦	b79-speaking	zh+en
band9	L9-5606	阻力	b79-speaking	zh+en
band9	L9-5607	阻挠	b79-speaking	zh+en
band9	L9-5608	组建	b79-speaking	zh+en
band9	L9-5610	祖传	b79-speaking	zh+en
band9	L9-5611	祖籍	b79-speaking	zh+en
band9	L9-5613	祖宗	b79-speaking	zh+en
band9	L9-5615	钻研	b79-speaking	zh+en
band9	L9-5624	琢磨	b79-speaking	zh+en
band9	L9-5626	佐料	b79-speaking	zh+en
band9	L9-5633	座谈	b79-speaking	zh+en
band9	L9-5634	座右铭	b79-speaking	zh+en
band9	L9-5636	做证	b79-speaking	zh+en
